nohup: ignoring input
CONFIG FILE READ: /home/vscode/macleod/macleod_linux.conf
LOGGING CONFIGURATION FILE NOT FOUND: /home/vscode/macleod/logging.conf
INFO:macleod.Ontology:Starting to parse /home/vscode/colore/ontologies/orderings/definitions/lt_equiv.clif
INFO:macleod.Ontology:Starting to parse /home/vscode/colore/ontologies/orderings/definitions/lt.clif
INFO:macleod.Ontology:Starting to parse /home/vscode/colore/ontologies/orderings/quasiorder.clif
INFO:macleod.Ontology:Starting to parse /home/vscode/colore/ontologies/orderings/definitions/incomparable.clif
INFO:macleod.Ontology:Found 1 axioms in /home/vscode/colore/ontologies/orderings/special_ram.clif
INFO:macleod.Ontology:Collected 5 imported axioms
INFO:macleod.Ontology:Working from a total of 6 axioms (including imported ones)
INFO:macleod.Ontology:Converting /home/vscode/colore/ontologies/orderings/special_ram.clif to LADR format
INFO:macleod.Ontology:Found 1 axioms in /home/vscode/colore/ontologies/orderings/special_ram.clif
INFO:macleod.Ontology:Collected 5 imported axioms
INFO:macleod.Ontology:Working from a total of 6 axioms (including imported ones)
INFO:p9_tools.clif_pipeline:Verified /home/vscode/colore/ontologies/orderings/special_ram.clif: 6 axioms in, 6 axioms out
INFO:p9_tools.clif_pipeline:Translated /home/vscode/colore/ontologies/orderings/special_ram.clif -> /home/vscode/colore/ontologies/orderings/special_ram.in
INFO:macleod.Ontology:Starting to parse /home/vscode/colore/ontologies/orderings/definitions/coatom.clif
INFO:macleod.Ontology:Starting to parse /home/vscode/colore/ontologies/orderings/definitions/top.clif
INFO:macleod.Ontology:Starting to parse /home/vscode/colore/ontologies/orderings/partial_ordering.clif
INFO:macleod.Ontology:Found 1 axioms in /home/vscode/colore/ontologies/orderings/coatomic_ordering.clif
INFO:macleod.Ontology:Collected 6 imported axioms
INFO:macleod.Ontology:Working from a total of 7 axioms (including imported ones)
INFO:macleod.Ontology:Converting /home/vscode/colore/ontologies/orderings/coatomic_ordering.clif to LADR format
INFO:macleod.Ontology:Found 1 axioms in /home/vscode/colore/ontologies/orderings/coatomic_ordering.clif
INFO:macleod.Ontology:Collected 6 imported axioms
INFO:macleod.Ontology:Working from a total of 7 axioms (including imported ones)
INFO:p9_tools.clif_pipeline:Verified /home/vscode/colore/ontologies/orderings/coatomic_ordering.clif: 7 axioms in, 7 axioms out
INFO:p9_tools.clif_pipeline:Translated /home/vscode/colore/ontologies/orderings/coatomic_ordering.clif -> /home/vscode/colore/ontologies/orderings/coatomic_ordering.in
INFO:macleod.Ontology:Starting to parse /home/vscode/colore/ontologies/orderings/quasicomplemented.clif
INFO:macleod.Ontology:Starting to parse /home/vscode/colore/ontologies/orderings/quasilattice.clif
INFO:macleod.Ontology:Starting to parse /home/vscode/colore/ontologies/orderings/definitions/noverlaps.clif
INFO:macleod.Ontology:Starting to parse /home/vscode/colore/ontologies/orderings/definitions/bottom.clif
INFO:macleod.Ontology:Starting to parse /home/vscode/colore/ontologies/orderings/definitions/nunderlaps.clif
INFO:macleod.Ontology:Starting to parse /home/vscode/colore/ontologies/orderings/topless.clif
INFO:macleod.Ontology:Found 0 axioms in /home/vscode/colore/ontologies/orderings/topless_quasicomplemented.clif
INFO:macleod.Ontology:Collected 11 imported axioms
INFO:macleod.Ontology:Working from a total of 11 axioms (including imported ones)
INFO:macleod.Ontology:Converting /home/vscode/colore/ontologies/orderings/topless_quasicomplemented.clif to LADR format
INFO:macleod.Ontology:Found 0 axioms in /home/vscode/colore/ontologies/orderings/topless_quasicomplemented.clif
INFO:macleod.Ontology:Collected 11 imported axioms
INFO:macleod.Ontology:Working from a total of 11 axioms (including imported ones)
INFO:p9_tools.clif_pipeline:Verified /home/vscode/colore/ontologies/orderings/topless_quasicomplemented.clif: 11 axioms in, 11 axioms out
INFO:p9_tools.clif_pipeline:Translated /home/vscode/colore/ontologies/orderings/topless_quasicomplemented.clif -> /home/vscode/colore/ontologies/orderings/topless_quasicomplemented.in
INFO:macleod.Ontology:Starting to parse /home/vscode/colore/ontologies/orderings/semilinear_ordering.clif
INFO:macleod.Ontology:Starting to parse /home/vscode/colore/ontologies/orderings/infinite_ordering.clif
INFO:macleod.Ontology:Starting to parse /home/vscode/colore/ontologies/orderings/noinitial.clif
INFO:macleod.Ontology:Starting to parse /home/vscode/colore/ontologies/orderings/nofinal.clif
INFO:macleod.Ontology:Starting to parse /home/vscode/colore/ontologies/orderings/density.clif
INFO:macleod.Ontology:Starting to parse /home/vscode/colore/ontologies/orderings/nice.clif
INFO:macleod.Ontology:Starting to parse /home/vscode/colore/ontologies/orderings/branching.clif
INFO:macleod.Ontology:Starting to parse /home/vscode/colore/ontologies/orderings/binary.clif
INFO:macleod.Ontology:Starting to parse /home/vscode/colore/ontologies/orderings/definitions/dhm.clif
INFO:macleod.Ontology:Found 0 axioms in /home/vscode/colore/ontologies/orderings/binary_nice.clif
INFO:macleod.Ontology:Collected 14 imported axioms
INFO:macleod.Ontology:Working from a total of 14 axioms (including imported ones)
INFO:macleod.Ontology:Converting /home/vscode/colore/ontologies/orderings/binary_nice.clif to LADR format
INFO:macleod.Ontology:Found 0 axioms in /home/vscode/colore/ontologies/orderings/binary_nice.clif
INFO:macleod.Ontology:Collected 14 imported axioms
INFO:macleod.Ontology:Working from a total of 14 axioms (including imported ones)
INFO:p9_tools.clif_pipeline:Verified /home/vscode/colore/ontologies/orderings/binary_nice.clif: 14 axioms in, 14 axioms out
INFO:p9_tools.clif_pipeline:Translated /home/vscode/colore/ontologies/orderings/binary_nice.clif -> /home/vscode/colore/ontologies/orderings/binary_nice.in
INFO:macleod.Ontology:Found 1 axioms in /home/vscode/colore/ontologies/orderings/negatively_transitive.clif
INFO:macleod.Ontology:Collected 4 imported axioms
INFO:macleod.Ontology:Working from a total of 5 axioms (including imported ones)
INFO:macleod.Ontology:Converting /home/vscode/colore/ontologies/orderings/negatively_transitive.clif to LADR format
INFO:macleod.Ontology:Found 1 axioms in /home/vscode/colore/ontologies/orderings/negatively_transitive.clif
INFO:macleod.Ontology:Collected 4 imported axioms
INFO:macleod.Ontology:Working from a total of 5 axioms (including imported ones)
INFO:p9_tools.clif_pipeline:Verified /home/vscode/colore/ontologies/orderings/negatively_transitive.clif: 5 axioms in, 5 axioms out
INFO:p9_tools.clif_pipeline:Translated /home/vscode/colore/ontologies/orderings/negatively_transitive.clif -> /home/vscode/colore/ontologies/orderings/negatively_transitive.in
INFO:macleod.Ontology:Found 1 axioms in /home/vscode/colore/ontologies/orderings/weak_order.clif
INFO:macleod.Ontology:Collected 4 imported axioms
INFO:macleod.Ontology:Working from a total of 5 axioms (including imported ones)
INFO:macleod.Ontology:Converting /home/vscode/colore/ontologies/orderings/weak_order.clif to LADR format
INFO:macleod.Ontology:Found 1 axioms in /home/vscode/colore/ontologies/orderings/weak_order.clif
INFO:macleod.Ontology:Collected 4 imported axioms
INFO:macleod.Ontology:Working from a total of 5 axioms (including imported ones)
INFO:p9_tools.clif_pipeline:Verified /home/vscode/colore/ontologies/orderings/weak_order.clif: 5 axioms in, 5 axioms out
INFO:p9_tools.clif_pipeline:Translated /home/vscode/colore/ontologies/orderings/weak_order.clif -> /home/vscode/colore/ontologies/orderings/weak_order.in
INFO:macleod.Ontology:Found 1 axioms in /home/vscode/colore/ontologies/orderings/branching.clif
INFO:macleod.Ontology:Collected 4 imported axioms
INFO:macleod.Ontology:Working from a total of 5 axioms (including imported ones)
INFO:macleod.Ontology:Converting /home/vscode/colore/ontologies/orderings/branching.clif to LADR format
INFO:macleod.Ontology:Found 1 axioms in /home/vscode/colore/ontologies/orderings/branching.clif
INFO:macleod.Ontology:Collected 4 imported axioms
INFO:macleod.Ontology:Working from a total of 5 axioms (including imported ones)
INFO:p9_tools.clif_pipeline:Verified /home/vscode/colore/ontologies/orderings/branching.clif: 5 axioms in, 5 axioms out
INFO:p9_tools.clif_pipeline:Translated /home/vscode/colore/ontologies/orderings/branching.clif -> /home/vscode/colore/ontologies/orderings/branching.in
INFO:macleod.Ontology:Found 1 axioms in /home/vscode/colore/ontologies/orderings/dual_branching.clif
INFO:macleod.Ontology:Collected 4 imported axioms
INFO:macleod.Ontology:Working from a total of 5 axioms (including imported ones)
INFO:macleod.Ontology:Converting /home/vscode/colore/ontologies/orderings/dual_branching.clif to LADR format
INFO:macleod.Ontology:Found 1 axioms in /home/vscode/colore/ontologies/orderings/dual_branching.clif
INFO:macleod.Ontology:Collected 4 imported axioms
INFO:macleod.Ontology:Working from a total of 5 axioms (including imported ones)
INFO:p9_tools.clif_pipeline:Verified /home/vscode/colore/ontologies/orderings/dual_branching.clif: 5 axioms in, 5 axioms out
INFO:p9_tools.clif_pipeline:Translated /home/vscode/colore/ontologies/orderings/dual_branching.clif -> /home/vscode/colore/ontologies/orderings/dual_branching.in
INFO:macleod.Ontology:Starting to parse /home/vscode/colore/ontologies/orderings/discrete_forest.clif
INFO:macleod.Ontology:Starting to parse /home/vscode/colore/ontologies/orderings/forest.clif
INFO:macleod.Ontology:Starting to parse /home/vscode/colore/ontologies/orderings/minexists.clif
INFO:macleod.Ontology:Starting to parse /home/vscode/colore/ontologies/orderings/definitions/minimal.clif
INFO:macleod.Ontology:Starting to parse /home/vscode/colore/ontologies/orderings/discrete_partial.clif
INFO:macleod.Ontology:Starting to parse /home/vscode/colore/ontologies/orderings/definitions/covers.clif
INFO:macleod.Ontology:Found 0 axioms in /home/vscode/colore/ontologies/orderings/infinite_discrete_forest.clif
INFO:macleod.Ontology:Collected 12 imported axioms
INFO:macleod.Ontology:Working from a total of 12 axioms (including imported ones)
INFO:macleod.Ontology:Converting /home/vscode/colore/ontologies/orderings/infinite_discrete_forest.clif to LADR format
INFO:macleod.Ontology:Found 0 axioms in /home/vscode/colore/ontologies/orderings/infinite_discrete_forest.clif
INFO:macleod.Ontology:Collected 12 imported axioms
INFO:macleod.Ontology:Working from a total of 12 axioms (including imported ones)
INFO:p9_tools.clif_pipeline:Verified /home/vscode/colore/ontologies/orderings/infinite_discrete_forest.clif: 12 axioms in, 12 axioms out
INFO:p9_tools.clif_pipeline:Translated /home/vscode/colore/ontologies/orderings/infinite_discrete_forest.clif -> /home/vscode/colore/ontologies/orderings/infinite_discrete_forest.in
INFO:macleod.Ontology:Starting to parse /home/vscode/colore/ontologies/orderings/quasiboolean.clif
INFO:macleod.Ontology:Starting to parse /home/vscode/colore/ontologies/orderings/meet_quasilattice.clif
INFO:macleod.Ontology:Found 0 axioms in /home/vscode/colore/ontologies/orderings/boolean_meet_quasilattice.clif
INFO:macleod.Ontology:Collected 11 imported axioms
INFO:macleod.Ontology:Working from a total of 11 axioms (including imported ones)
INFO:macleod.Ontology:Converting /home/vscode/colore/ontologies/orderings/boolean_meet_quasilattice.clif to LADR format
INFO:macleod.Ontology:Found 0 axioms in /home/vscode/colore/ontologies/orderings/boolean_meet_quasilattice.clif
INFO:macleod.Ontology:Collected 11 imported axioms
INFO:macleod.Ontology:Working from a total of 11 axioms (including imported ones)
INFO:p9_tools.clif_pipeline:Verified /home/vscode/colore/ontologies/orderings/boolean_meet_quasilattice.clif: 11 axioms in, 11 axioms out
INFO:p9_tools.clif_pipeline:Translated /home/vscode/colore/ontologies/orderings/boolean_meet_quasilattice.clif -> /home/vscode/colore/ontologies/orderings/boolean_meet_quasilattice.in
INFO:macleod.Ontology:Starting to parse /home/vscode/colore/ontologies/orderings/boolean_meet_quasilattice.clif
INFO:macleod.Ontology:Found 0 axioms in /home/vscode/colore/ontologies/orderings/boolean_meet_semilattice.clif
INFO:macleod.Ontology:Collected 12 imported axioms
INFO:macleod.Ontology:Working from a total of 12 axioms (including imported ones)
INFO:macleod.Ontology:Converting /home/vscode/colore/ontologies/orderings/boolean_meet_semilattice.clif to LADR format
INFO:macleod.Ontology:Found 0 axioms in /home/vscode/colore/ontologies/orderings/boolean_meet_semilattice.clif
INFO:macleod.Ontology:Collected 12 imported axioms
INFO:macleod.Ontology:Working from a total of 12 axioms (including imported ones)
INFO:p9_tools.clif_pipeline:Verified /home/vscode/colore/ontologies/orderings/boolean_meet_semilattice.clif: 12 axioms in, 12 axioms out
INFO:p9_tools.clif_pipeline:Translated /home/vscode/colore/ontologies/orderings/boolean_meet_semilattice.clif -> /home/vscode/colore/ontologies/orderings/boolean_meet_semilattice.in
INFO:macleod.Ontology:Found 1 axioms in /home/vscode/colore/ontologies/orderings/lower_bound.clif
INFO:macleod.Ontology:Collected 2 imported axioms
INFO:macleod.Ontology:Working from a total of 3 axioms (including imported ones)
INFO:macleod.Ontology:Converting /home/vscode/colore/ontologies/orderings/lower_bound.clif to LADR format
INFO:macleod.Ontology:Found 1 axioms in /home/vscode/colore/ontologies/orderings/lower_bound.clif
INFO:macleod.Ontology:Collected 2 imported axioms
INFO:macleod.Ontology:Working from a total of 3 axioms (including imported ones)
INFO:p9_tools.clif_pipeline:Verified /home/vscode/colore/ontologies/orderings/lower_bound.clif: 3 axioms in, 3 axioms out
INFO:p9_tools.clif_pipeline:Translated /home/vscode/colore/ontologies/orderings/lower_bound.clif -> /home/vscode/colore/ontologies/orderings/lower_bound.in
INFO:macleod.Ontology:Found 1 axioms in /home/vscode/colore/ontologies/orderings/quasiboolean.clif
INFO:macleod.Ontology:Collected 8 imported axioms
INFO:macleod.Ontology:Working from a total of 9 axioms (including imported ones)
INFO:macleod.Ontology:Converting /home/vscode/colore/ontologies/orderings/quasiboolean.clif to LADR format
INFO:macleod.Ontology:Found 1 axioms in /home/vscode/colore/ontologies/orderings/quasiboolean.clif
INFO:macleod.Ontology:Collected 8 imported axioms
INFO:macleod.Ontology:Working from a total of 9 axioms (including imported ones)
INFO:p9_tools.clif_pipeline:Verified /home/vscode/colore/ontologies/orderings/quasiboolean.clif: 9 axioms in, 9 axioms out
INFO:p9_tools.clif_pipeline:Translated /home/vscode/colore/ontologies/orderings/quasiboolean.clif -> /home/vscode/colore/ontologies/orderings/quasiboolean.in
INFO:macleod.Ontology:Starting to parse /home/vscode/colore/ontologies/orderings/quasipseudocomplemented.clif
INFO:macleod.Ontology:Starting to parse /home/vscode/colore/ontologies/orderings/bottomless.clif
INFO:macleod.Ontology:Found 0 axioms in /home/vscode/colore/ontologies/orderings/bottomless_quasipseudocomplemented.clif
INFO:macleod.Ontology:Collected 10 imported axioms
INFO:macleod.Ontology:Working from a total of 10 axioms (including imported ones)
INFO:macleod.Ontology:Converting /home/vscode/colore/ontologies/orderings/bottomless_quasipseudocomplemented.clif to LADR format
INFO:macleod.Ontology:Found 0 axioms in /home/vscode/colore/ontologies/orderings/bottomless_quasipseudocomplemented.clif
INFO:macleod.Ontology:Collected 10 imported axioms
INFO:macleod.Ontology:Working from a total of 10 axioms (including imported ones)
INFO:p9_tools.clif_pipeline:Verified /home/vscode/colore/ontologies/orderings/bottomless_quasipseudocomplemented.clif: 10 axioms in, 10 axioms out
INFO:p9_tools.clif_pipeline:Translated /home/vscode/colore/ontologies/orderings/bottomless_quasipseudocomplemented.clif -> /home/vscode/colore/ontologies/orderings/bottomless_quasipseudocomplemented.in
INFO:macleod.Ontology:Found 1 axioms in /home/vscode/colore/ontologies/orderings/antichain.clif
INFO:macleod.Ontology:Collected 2 imported axioms
INFO:macleod.Ontology:Working from a total of 3 axioms (including imported ones)
INFO:macleod.Ontology:Converting /home/vscode/colore/ontologies/orderings/antichain.clif to LADR format
INFO:macleod.Ontology:Found 1 axioms in /home/vscode/colore/ontologies/orderings/antichain.clif
INFO:macleod.Ontology:Collected 2 imported axioms
INFO:macleod.Ontology:Working from a total of 3 axioms (including imported ones)
INFO:p9_tools.clif_pipeline:Verified /home/vscode/colore/ontologies/orderings/antichain.clif: 3 axioms in, 3 axioms out
INFO:p9_tools.clif_pipeline:Translated /home/vscode/colore/ontologies/orderings/antichain.clif -> /home/vscode/colore/ontologies/orderings/antichain.in
INFO:macleod.Ontology:Starting to parse /home/vscode/colore/ontologies/orderings/bounded_linear_order.clif
INFO:macleod.Ontology:Starting to parse /home/vscode/colore/ontologies/orderings/linear_ordering.clif
INFO:macleod.Ontology:Starting to parse /home/vscode/colore/ontologies/orderings/infinite_bounded_poset.clif
INFO:macleod.Ontology:Starting to parse /home/vscode/colore/ontologies/orderings/bounded_poset.clif
INFO:macleod.Ontology:Starting to parse /home/vscode/colore/ontologies/orderings/topexists.clif
INFO:macleod.Ontology:Starting to parse /home/vscode/colore/ontologies/orderings/bottomexists.clif
INFO:macleod.Ontology:Starting to parse /home/vscode/colore/ontologies/orderings/atomless_poset.clif
INFO:macleod.Ontology:Starting to parse /home/vscode/colore/ontologies/orderings/atomless.clif
INFO:macleod.Ontology:Starting to parse /home/vscode/colore/ontologies/orderings/coatomless_poset.clif
INFO:macleod.Ontology:Starting to parse /home/vscode/colore/ontologies/orderings/coatomless.clif
INFO:macleod.Ontology:Starting to parse /home/vscode/colore/ontologies/orderings/dense_partial.clif
INFO:macleod.Ontology:Starting to parse /home/vscode/colore/ontologies/orderings/definitions/maximal.clif
INFO:macleod.Ontology:Found 0 axioms in /home/vscode/colore/ontologies/orderings/bounded_dense_linear_order.clif
INFO:macleod.Ontology:Collected 17 imported axioms
INFO:macleod.Ontology:Working from a total of 17 axioms (including imported ones)
INFO:macleod.Ontology:Converting /home/vscode/colore/ontologies/orderings/bounded_dense_linear_order.clif to LADR format
INFO:macleod.Ontology:Found 0 axioms in /home/vscode/colore/ontologies/orderings/bounded_dense_linear_order.clif
INFO:macleod.Ontology:Collected 17 imported axioms
INFO:macleod.Ontology:Working from a total of 17 axioms (including imported ones)
INFO:p9_tools.clif_pipeline:Verified /home/vscode/colore/ontologies/orderings/bounded_dense_linear_order.clif: 17 axioms in, 17 axioms out
INFO:p9_tools.clif_pipeline:Translated /home/vscode/colore/ontologies/orderings/bounded_dense_linear_order.clif -> /home/vscode/colore/ontologies/orderings/bounded_dense_linear_order.in
INFO:macleod.Ontology:Starting to parse /home/vscode/colore/ontologies/orderings/weak_ramified.clif
INFO:macleod.Ontology:Starting to parse /home/vscode/colore/ontologies/orderings/definitions/glb.clif
INFO:macleod.Ontology:Starting to parse /home/vscode/colore/ontologies/orderings/branching_meet.clif
INFO:macleod.Ontology:Starting to parse /home/vscode/colore/ontologies/orderings/binary_meet.clif
INFO:macleod.Ontology:Starting to parse /home/vscode/colore/ontologies/orderings/binary_special.clif
INFO:macleod.Ontology:Starting to parse /home/vscode/colore/ontologies/orderings/special_ram.clif
INFO:macleod.Ontology:Found 0 axioms in /home/vscode/colore/ontologies/orderings/binary_special_normal.clif
INFO:macleod.Ontology:Collected 17 imported axioms
INFO:macleod.Ontology:Working from a total of 17 axioms (including imported ones)
INFO:macleod.Ontology:Converting /home/vscode/colore/ontologies/orderings/binary_special_normal.clif to LADR format
INFO:macleod.Ontology:Found 0 axioms in /home/vscode/colore/ontologies/orderings/binary_special_normal.clif
INFO:macleod.Ontology:Collected 17 imported axioms
INFO:macleod.Ontology:Working from a total of 17 axioms (including imported ones)
INFO:p9_tools.clif_pipeline:Verified /home/vscode/colore/ontologies/orderings/binary_special_normal.clif: 17 axioms in, 17 axioms out
INFO:p9_tools.clif_pipeline:Translated /home/vscode/colore/ontologies/orderings/binary_special_normal.clif -> /home/vscode/colore/ontologies/orderings/binary_special_normal.in
INFO:macleod.Ontology:Found 1 axioms in /home/vscode/colore/ontologies/orderings/noinitial.clif
INFO:macleod.Ontology:Collected 2 imported axioms
INFO:macleod.Ontology:Working from a total of 3 axioms (including imported ones)
INFO:macleod.Ontology:Converting /home/vscode/colore/ontologies/orderings/noinitial.clif to LADR format
INFO:macleod.Ontology:Found 1 axioms in /home/vscode/colore/ontologies/orderings/noinitial.clif
INFO:macleod.Ontology:Collected 2 imported axioms
INFO:macleod.Ontology:Working from a total of 3 axioms (including imported ones)
INFO:p9_tools.clif_pipeline:Verified /home/vscode/colore/ontologies/orderings/noinitial.clif: 3 axioms in, 3 axioms out
INFO:p9_tools.clif_pipeline:Translated /home/vscode/colore/ontologies/orderings/noinitial.clif -> /home/vscode/colore/ontologies/orderings/noinitial.in
INFO:macleod.Ontology:Found 1 axioms in /home/vscode/colore/ontologies/orderings/meetless.clif
INFO:macleod.Ontology:Collected 5 imported axioms
INFO:macleod.Ontology:Working from a total of 6 axioms (including imported ones)
INFO:macleod.Ontology:Converting /home/vscode/colore/ontologies/orderings/meetless.clif to LADR format
INFO:macleod.Ontology:Found 1 axioms in /home/vscode/colore/ontologies/orderings/meetless.clif
INFO:macleod.Ontology:Collected 5 imported axioms
INFO:macleod.Ontology:Working from a total of 6 axioms (including imported ones)
INFO:p9_tools.clif_pipeline:Verified /home/vscode/colore/ontologies/orderings/meetless.clif: 6 axioms in, 6 axioms out
INFO:p9_tools.clif_pipeline:Translated /home/vscode/colore/ontologies/orderings/meetless.clif -> /home/vscode/colore/ontologies/orderings/meetless.in
INFO:macleod.Ontology:Starting to parse /home/vscode/colore/ontologies/orderings/definitions/dhm3.clif
INFO:macleod.Ontology:Found 1 axioms in /home/vscode/colore/ontologies/orderings/ternary.clif
INFO:macleod.Ontology:Collected 5 imported axioms
INFO:macleod.Ontology:Working from a total of 6 axioms (including imported ones)
INFO:macleod.Ontology:Converting /home/vscode/colore/ontologies/orderings/ternary.clif to LADR format
INFO:macleod.Ontology:Found 1 axioms in /home/vscode/colore/ontologies/orderings/ternary.clif
INFO:macleod.Ontology:Collected 5 imported axioms
INFO:macleod.Ontology:Working from a total of 6 axioms (including imported ones)
INFO:p9_tools.clif_pipeline:Verified /home/vscode/colore/ontologies/orderings/ternary.clif: 6 axioms in, 6 axioms out
INFO:p9_tools.clif_pipeline:Translated /home/vscode/colore/ontologies/orderings/ternary.clif -> /home/vscode/colore/ontologies/orderings/ternary.in
INFO:macleod.Ontology:Found 1 axioms in /home/vscode/colore/ontologies/orderings/meet_semilattice_ordering.clif
INFO:macleod.Ontology:Collected 3 imported axioms
INFO:macleod.Ontology:Working from a total of 4 axioms (including imported ones)
INFO:macleod.Ontology:Converting /home/vscode/colore/ontologies/orderings/meet_semilattice_ordering.clif to LADR format
INFO:macleod.Ontology:Found 1 axioms in /home/vscode/colore/ontologies/orderings/meet_semilattice_ordering.clif
INFO:macleod.Ontology:Collected 3 imported axioms
INFO:macleod.Ontology:Working from a total of 4 axioms (including imported ones)
INFO:p9_tools.clif_pipeline:Verified /home/vscode/colore/ontologies/orderings/meet_semilattice_ordering.clif: 4 axioms in, 4 axioms out
INFO:p9_tools.clif_pipeline:Translated /home/vscode/colore/ontologies/orderings/meet_semilattice_ordering.clif -> /home/vscode/colore/ontologies/orderings/meet_semilattice_ordering.in
INFO:macleod.Ontology:Found 0 axioms in /home/vscode/colore/ontologies/orderings/topless_quasipseudocomplemented.clif
INFO:macleod.Ontology:Collected 10 imported axioms
INFO:macleod.Ontology:Working from a total of 10 axioms (including imported ones)
INFO:macleod.Ontology:Converting /home/vscode/colore/ontologies/orderings/topless_quasipseudocomplemented.clif to LADR format
INFO:macleod.Ontology:Found 0 axioms in /home/vscode/colore/ontologies/orderings/topless_quasipseudocomplemented.clif
INFO:macleod.Ontology:Collected 10 imported axioms
INFO:macleod.Ontology:Working from a total of 10 axioms (including imported ones)
INFO:p9_tools.clif_pipeline:Verified /home/vscode/colore/ontologies/orderings/topless_quasipseudocomplemented.clif: 10 axioms in, 10 axioms out
INFO:p9_tools.clif_pipeline:Translated /home/vscode/colore/ontologies/orderings/topless_quasipseudocomplemented.clif -> /home/vscode/colore/ontologies/orderings/topless_quasipseudocomplemented.in
INFO:macleod.Ontology:Starting to parse /home/vscode/colore/ontologies/orderings/discrete_linear.clif
INFO:macleod.Ontology:Found 0 axioms in /home/vscode/colore/ontologies/orderings/discrete_linear_order_no_end.clif
INFO:macleod.Ontology:Collected 10 imported axioms
INFO:macleod.Ontology:Working from a total of 10 axioms (including imported ones)
INFO:macleod.Ontology:Converting /home/vscode/colore/ontologies/orderings/discrete_linear_order_no_end.clif to LADR format
INFO:macleod.Ontology:Found 0 axioms in /home/vscode/colore/ontologies/orderings/discrete_linear_order_no_end.clif
INFO:macleod.Ontology:Collected 10 imported axioms
INFO:macleod.Ontology:Working from a total of 10 axioms (including imported ones)
INFO:p9_tools.clif_pipeline:Verified /home/vscode/colore/ontologies/orderings/discrete_linear_order_no_end.clif: 10 axioms in, 10 axioms out
INFO:p9_tools.clif_pipeline:Translated /home/vscode/colore/ontologies/orderings/discrete_linear_order_no_end.clif -> /home/vscode/colore/ontologies/orderings/discrete_linear_order_no_end.in
INFO:macleod.Ontology:Found 1 axioms in /home/vscode/colore/ontologies/orderings/lattice_free.clif
INFO:macleod.Ontology:Collected 3 imported axioms
INFO:macleod.Ontology:Working from a total of 4 axioms (including imported ones)
INFO:macleod.Ontology:Converting /home/vscode/colore/ontologies/orderings/lattice_free.clif to LADR format
INFO:macleod.Ontology:Found 1 axioms in /home/vscode/colore/ontologies/orderings/lattice_free.clif
INFO:macleod.Ontology:Collected 3 imported axioms
INFO:macleod.Ontology:Working from a total of 4 axioms (including imported ones)
INFO:p9_tools.clif_pipeline:Verified /home/vscode/colore/ontologies/orderings/lattice_free.clif: 4 axioms in, 4 axioms out
INFO:p9_tools.clif_pipeline:Translated /home/vscode/colore/ontologies/orderings/lattice_free.clif -> /home/vscode/colore/ontologies/orderings/lattice_free.in
INFO:macleod.Ontology:Found 0 axioms in /home/vscode/colore/ontologies/orderings/initial_poset.clif
INFO:macleod.Ontology:Collected 5 imported axioms
INFO:macleod.Ontology:Working from a total of 5 axioms (including imported ones)
INFO:macleod.Ontology:Converting /home/vscode/colore/ontologies/orderings/initial_poset.clif to LADR format
INFO:macleod.Ontology:Found 0 axioms in /home/vscode/colore/ontologies/orderings/initial_poset.clif
INFO:macleod.Ontology:Collected 5 imported axioms
INFO:macleod.Ontology:Working from a total of 5 axioms (including imported ones)
INFO:p9_tools.clif_pipeline:Verified /home/vscode/colore/ontologies/orderings/initial_poset.clif: 5 axioms in, 5 axioms out
INFO:p9_tools.clif_pipeline:Translated /home/vscode/colore/ontologies/orderings/initial_poset.clif -> /home/vscode/colore/ontologies/orderings/initial_poset.in
INFO:macleod.Ontology:Found 2 axioms in /home/vscode/colore/ontologies/orderings/lattice_ordering.clif
INFO:macleod.Ontology:Collected 3 imported axioms
INFO:macleod.Ontology:Working from a total of 5 axioms (including imported ones)
INFO:macleod.Ontology:Converting /home/vscode/colore/ontologies/orderings/lattice_ordering.clif to LADR format
INFO:macleod.Ontology:Found 2 axioms in /home/vscode/colore/ontologies/orderings/lattice_ordering.clif
INFO:macleod.Ontology:Collected 3 imported axioms
INFO:macleod.Ontology:Working from a total of 5 axioms (including imported ones)
INFO:p9_tools.clif_pipeline:Verified /home/vscode/colore/ontologies/orderings/lattice_ordering.clif: 5 axioms in, 5 axioms out
INFO:p9_tools.clif_pipeline:Translated /home/vscode/colore/ontologies/orderings/lattice_ordering.clif -> /home/vscode/colore/ontologies/orderings/lattice_ordering.in
INFO:macleod.Ontology:Found 2 axioms in /home/vscode/colore/ontologies/orderings/meet_quasilattice.clif
INFO:macleod.Ontology:Collected 3 imported axioms
INFO:macleod.Ontology:Working from a total of 5 axioms (including imported ones)
INFO:macleod.Ontology:Converting /home/vscode/colore/ontologies/orderings/meet_quasilattice.clif to LADR format
INFO:macleod.Ontology:Found 2 axioms in /home/vscode/colore/ontologies/orderings/meet_quasilattice.clif
INFO:macleod.Ontology:Collected 3 imported axioms
INFO:macleod.Ontology:Working from a total of 5 axioms (including imported ones)
INFO:p9_tools.clif_pipeline:Verified /home/vscode/colore/ontologies/orderings/meet_quasilattice.clif: 5 axioms in, 5 axioms out
INFO:p9_tools.clif_pipeline:Translated /home/vscode/colore/ontologies/orderings/meet_quasilattice.clif -> /home/vscode/colore/ontologies/orderings/meet_quasilattice.in
INFO:macleod.Ontology:Starting to parse /home/vscode/colore/ontologies/orderings/discreteness.clif
INFO:macleod.Ontology:Found 0 axioms in /home/vscode/colore/ontologies/orderings/min_discrete.clif
INFO:macleod.Ontology:Collected 8 imported axioms
INFO:macleod.Ontology:Working from a total of 8 axioms (including imported ones)
INFO:macleod.Ontology:Converting /home/vscode/colore/ontologies/orderings/min_discrete.clif to LADR format
INFO:macleod.Ontology:Found 0 axioms in /home/vscode/colore/ontologies/orderings/min_discrete.clif
INFO:macleod.Ontology:Collected 8 imported axioms
INFO:macleod.Ontology:Working from a total of 8 axioms (including imported ones)
INFO:p9_tools.clif_pipeline:Verified /home/vscode/colore/ontologies/orderings/min_discrete.clif: 8 axioms in, 8 axioms out
INFO:p9_tools.clif_pipeline:Translated /home/vscode/colore/ontologies/orderings/min_discrete.clif -> /home/vscode/colore/ontologies/orderings/min_discrete.in
INFO:macleod.Ontology:Starting to parse /home/vscode/colore/ontologies/orderings/tree.clif
INFO:macleod.Ontology:Found 0 axioms in /home/vscode/colore/ontologies/orderings/discrete_tree.clif
INFO:macleod.Ontology:Collected 12 imported axioms
INFO:macleod.Ontology:Working from a total of 12 axioms (including imported ones)
INFO:macleod.Ontology:Converting /home/vscode/colore/ontologies/orderings/discrete_tree.clif to LADR format
INFO:macleod.Ontology:Found 0 axioms in /home/vscode/colore/ontologies/orderings/discrete_tree.clif
INFO:macleod.Ontology:Collected 12 imported axioms
INFO:macleod.Ontology:Working from a total of 12 axioms (including imported ones)
INFO:p9_tools.clif_pipeline:Verified /home/vscode/colore/ontologies/orderings/discrete_tree.clif: 12 axioms in, 12 axioms out
INFO:p9_tools.clif_pipeline:Translated /home/vscode/colore/ontologies/orderings/discrete_tree.clif -> /home/vscode/colore/ontologies/orderings/discrete_tree.in
INFO:macleod.Ontology:Found 0 axioms in /home/vscode/colore/ontologies/orderings/topless_boolean_quasilattice.clif
INFO:macleod.Ontology:Collected 10 imported axioms
INFO:macleod.Ontology:Working from a total of 10 axioms (including imported ones)
INFO:macleod.Ontology:Converting /home/vscode/colore/ontologies/orderings/topless_boolean_quasilattice.clif to LADR format
INFO:macleod.Ontology:Found 0 axioms in /home/vscode/colore/ontologies/orderings/topless_boolean_quasilattice.clif
INFO:macleod.Ontology:Collected 10 imported axioms
INFO:macleod.Ontology:Working from a total of 10 axioms (including imported ones)
INFO:p9_tools.clif_pipeline:Verified /home/vscode/colore/ontologies/orderings/topless_boolean_quasilattice.clif: 10 axioms in, 10 axioms out
INFO:p9_tools.clif_pipeline:Translated /home/vscode/colore/ontologies/orderings/topless_boolean_quasilattice.clif -> /home/vscode/colore/ontologies/orderings/topless_boolean_quasilattice.in
INFO:macleod.Ontology:Starting to parse /home/vscode/colore/ontologies/orderings/meet_semilattice_ordering.clif
INFO:macleod.Ontology:Starting to parse /home/vscode/colore/ontologies/orderings/branching3.clif
INFO:macleod.Ontology:Starting to parse /home/vscode/colore/ontologies/orderings/ternary.clif
INFO:macleod.Ontology:Found 0 axioms in /home/vscode/colore/ontologies/orderings/ternary_semilattice.clif
INFO:macleod.Ontology:Collected 15 imported axioms
INFO:macleod.Ontology:Working from a total of 15 axioms (including imported ones)
INFO:macleod.Ontology:Converting /home/vscode/colore/ontologies/orderings/ternary_semilattice.clif to LADR format
INFO:macleod.Ontology:Found 0 axioms in /home/vscode/colore/ontologies/orderings/ternary_semilattice.clif
INFO:macleod.Ontology:Collected 15 imported axioms
INFO:macleod.Ontology:Working from a total of 15 axioms (including imported ones)
INFO:p9_tools.clif_pipeline:Verified /home/vscode/colore/ontologies/orderings/ternary_semilattice.clif: 15 axioms in, 15 axioms out
INFO:p9_tools.clif_pipeline:Translated /home/vscode/colore/ontologies/orderings/ternary_semilattice.clif -> /home/vscode/colore/ontologies/orderings/ternary_semilattice.in
INFO:macleod.Ontology:Found 1 axioms in /home/vscode/colore/ontologies/orderings/dense_linear.clif
INFO:macleod.Ontology:Collected 4 imported axioms
INFO:macleod.Ontology:Working from a total of 5 axioms (including imported ones)
INFO:macleod.Ontology:Converting /home/vscode/colore/ontologies/orderings/dense_linear.clif to LADR format
INFO:macleod.Ontology:Found 1 axioms in /home/vscode/colore/ontologies/orderings/dense_linear.clif
INFO:macleod.Ontology:Collected 4 imported axioms
INFO:macleod.Ontology:Working from a total of 5 axioms (including imported ones)
INFO:p9_tools.clif_pipeline:Verified /home/vscode/colore/ontologies/orderings/dense_linear.clif: 5 axioms in, 5 axioms out
INFO:p9_tools.clif_pipeline:Translated /home/vscode/colore/ontologies/orderings/dense_linear.clif -> /home/vscode/colore/ontologies/orderings/dense_linear.in
INFO:macleod.Ontology:Found 0 axioms in /home/vscode/colore/ontologies/orderings/discrete_forest.clif
INFO:macleod.Ontology:Collected 11 imported axioms
INFO:macleod.Ontology:Working from a total of 11 axioms (including imported ones)
INFO:macleod.Ontology:Converting /home/vscode/colore/ontologies/orderings/discrete_forest.clif to LADR format
INFO:macleod.Ontology:Found 0 axioms in /home/vscode/colore/ontologies/orderings/discrete_forest.clif
INFO:macleod.Ontology:Collected 11 imported axioms
INFO:macleod.Ontology:Working from a total of 11 axioms (including imported ones)
INFO:p9_tools.clif_pipeline:Verified /home/vscode/colore/ontologies/orderings/discrete_forest.clif: 11 axioms in, 11 axioms out
INFO:p9_tools.clif_pipeline:Translated /home/vscode/colore/ontologies/orderings/discrete_forest.clif -> /home/vscode/colore/ontologies/orderings/discrete_forest.in
INFO:macleod.Ontology:Found 1 axioms in /home/vscode/colore/ontologies/orderings/weak_separative.clif
INFO:macleod.Ontology:Collected 3 imported axioms
INFO:macleod.Ontology:Working from a total of 4 axioms (including imported ones)
INFO:macleod.Ontology:Converting /home/vscode/colore/ontologies/orderings/weak_separative.clif to LADR format
INFO:macleod.Ontology:Found 1 axioms in /home/vscode/colore/ontologies/orderings/weak_separative.clif
INFO:macleod.Ontology:Collected 3 imported axioms
INFO:macleod.Ontology:Working from a total of 4 axioms (including imported ones)
INFO:p9_tools.clif_pipeline:Verified /home/vscode/colore/ontologies/orderings/weak_separative.clif: 4 axioms in, 4 axioms out
INFO:p9_tools.clif_pipeline:Translated /home/vscode/colore/ontologies/orderings/weak_separative.clif -> /home/vscode/colore/ontologies/orderings/weak_separative.in
INFO:macleod.Ontology:Found 1 axioms in /home/vscode/colore/ontologies/orderings/lower_preorder.clif
INFO:macleod.Ontology:Collected 2 imported axioms
INFO:macleod.Ontology:Working from a total of 3 axioms (including imported ones)
INFO:macleod.Ontology:Converting /home/vscode/colore/ontologies/orderings/lower_preorder.clif to LADR format
INFO:macleod.Ontology:Found 1 axioms in /home/vscode/colore/ontologies/orderings/lower_preorder.clif
INFO:macleod.Ontology:Collected 2 imported axioms
INFO:macleod.Ontology:Working from a total of 3 axioms (including imported ones)
INFO:p9_tools.clif_pipeline:Verified /home/vscode/colore/ontologies/orderings/lower_preorder.clif: 3 axioms in, 3 axioms out
INFO:p9_tools.clif_pipeline:Translated /home/vscode/colore/ontologies/orderings/lower_preorder.clif -> /home/vscode/colore/ontologies/orderings/lower_preorder.in
INFO:macleod.Ontology:Starting to parse /home/vscode/colore/ontologies/orderings/branching_meetless.clif
INFO:macleod.Ontology:Starting to parse /home/vscode/colore/ontologies/orderings/ternary_meetless.clif
INFO:macleod.Ontology:Found 0 axioms in /home/vscode/colore/ontologies/orderings/mixed_binary.clif
INFO:macleod.Ontology:Collected 17 imported axioms
INFO:macleod.Ontology:Working from a total of 17 axioms (including imported ones)
INFO:macleod.Ontology:Converting /home/vscode/colore/ontologies/orderings/mixed_binary.clif to LADR format
INFO:macleod.Ontology:Found 0 axioms in /home/vscode/colore/ontologies/orderings/mixed_binary.clif
INFO:macleod.Ontology:Collected 17 imported axioms
INFO:macleod.Ontology:Working from a total of 17 axioms (including imported ones)
INFO:p9_tools.clif_pipeline:Verified /home/vscode/colore/ontologies/orderings/mixed_binary.clif: 17 axioms in, 17 axioms out
INFO:p9_tools.clif_pipeline:Translated /home/vscode/colore/ontologies/orderings/mixed_binary.clif -> /home/vscode/colore/ontologies/orderings/mixed_binary.in
INFO:macleod.Ontology:Starting to parse /home/vscode/colore/ontologies/orderings/meetless.clif
INFO:macleod.Ontology:Found 0 axioms in /home/vscode/colore/ontologies/orderings/homogeneous_semilinear.clif
INFO:macleod.Ontology:Collected 15 imported axioms
INFO:macleod.Ontology:Working from a total of 15 axioms (including imported ones)
INFO:macleod.Ontology:Converting /home/vscode/colore/ontologies/orderings/homogeneous_semilinear.clif to LADR format
INFO:macleod.Ontology:Found 0 axioms in /home/vscode/colore/ontologies/orderings/homogeneous_semilinear.clif
INFO:macleod.Ontology:Collected 15 imported axioms
INFO:macleod.Ontology:Working from a total of 15 axioms (including imported ones)
INFO:p9_tools.clif_pipeline:Verified /home/vscode/colore/ontologies/orderings/homogeneous_semilinear.clif: 15 axioms in, 15 axioms out
INFO:p9_tools.clif_pipeline:Translated /home/vscode/colore/ontologies/orderings/homogeneous_semilinear.clif -> /home/vscode/colore/ontologies/orderings/homogeneous_semilinear.in
INFO:macleod.Ontology:Found 2 axioms in /home/vscode/colore/ontologies/orderings/special_nonmin.clif
INFO:macleod.Ontology:Collected 4 imported axioms
INFO:macleod.Ontology:Working from a total of 6 axioms (including imported ones)
INFO:macleod.Ontology:Converting /home/vscode/colore/ontologies/orderings/special_nonmin.clif to LADR format
INFO:macleod.Ontology:Found 2 axioms in /home/vscode/colore/ontologies/orderings/special_nonmin.clif
INFO:macleod.Ontology:Collected 4 imported axioms
INFO:macleod.Ontology:Working from a total of 6 axioms (including imported ones)
INFO:p9_tools.clif_pipeline:Verified /home/vscode/colore/ontologies/orderings/special_nonmin.clif: 6 axioms in, 6 axioms out
INFO:p9_tools.clif_pipeline:Translated /home/vscode/colore/ontologies/orderings/special_nonmin.clif -> /home/vscode/colore/ontologies/orderings/special_nonmin.in
INFO:macleod.Ontology:Found 1 axioms in /home/vscode/colore/ontologies/orderings/nice.clif
INFO:macleod.Ontology:Collected 5 imported axioms
INFO:macleod.Ontology:Working from a total of 6 axioms (including imported ones)
INFO:macleod.Ontology:Converting /home/vscode/colore/ontologies/orderings/nice.clif to LADR format
INFO:macleod.Ontology:Found 1 axioms in /home/vscode/colore/ontologies/orderings/nice.clif
INFO:macleod.Ontology:Collected 5 imported axioms
INFO:macleod.Ontology:Working from a total of 6 axioms (including imported ones)
INFO:p9_tools.clif_pipeline:Verified /home/vscode/colore/ontologies/orderings/nice.clif: 6 axioms in, 6 axioms out
INFO:p9_tools.clif_pipeline:Translated /home/vscode/colore/ontologies/orderings/nice.clif -> /home/vscode/colore/ontologies/orderings/nice.in
INFO:macleod.Ontology:Found 2 axioms in /home/vscode/colore/ontologies/orderings/quasiorder.clif
INFO:macleod.Ontology:Collected 0 imported axioms
INFO:macleod.Ontology:Working from a total of 2 axioms (including imported ones)
INFO:macleod.Ontology:Converting /home/vscode/colore/ontologies/orderings/quasiorder.clif to LADR format
INFO:macleod.Ontology:Found 2 axioms in /home/vscode/colore/ontologies/orderings/quasiorder.clif
INFO:macleod.Ontology:Collected 0 imported axioms
INFO:macleod.Ontology:Working from a total of 2 axioms (including imported ones)
INFO:p9_tools.clif_pipeline:Verified /home/vscode/colore/ontologies/orderings/quasiorder.clif: 2 axioms in, 2 axioms out
INFO:p9_tools.clif_pipeline:Translated /home/vscode/colore/ontologies/orderings/quasiorder.clif -> /home/vscode/colore/ontologies/orderings/quasiorder.in
INFO:macleod.Ontology:Found 1 axioms in /home/vscode/colore/ontologies/orderings/total_preorder.clif
INFO:macleod.Ontology:Collected 2 imported axioms
INFO:macleod.Ontology:Working from a total of 3 axioms (including imported ones)
INFO:macleod.Ontology:Converting /home/vscode/colore/ontologies/orderings/total_preorder.clif to LADR format
INFO:macleod.Ontology:Found 1 axioms in /home/vscode/colore/ontologies/orderings/total_preorder.clif
INFO:macleod.Ontology:Collected 2 imported axioms
INFO:macleod.Ontology:Working from a total of 3 axioms (including imported ones)
INFO:p9_tools.clif_pipeline:Verified /home/vscode/colore/ontologies/orderings/total_preorder.clif: 3 axioms in, 3 axioms out
INFO:p9_tools.clif_pipeline:Translated /home/vscode/colore/ontologies/orderings/total_preorder.clif -> /home/vscode/colore/ontologies/orderings/total_preorder.in
INFO:macleod.Ontology:Starting to parse /home/vscode/colore/ontologies/orderings/up_disc_semilinear.clif
INFO:macleod.Ontology:Starting to parse /home/vscode/colore/ontologies/orderings/upper_preorder.clif
INFO:macleod.Ontology:Starting to parse /home/vscode/colore/ontologies/orderings/weak_separative.clif
INFO:macleod.Ontology:Found 0 axioms in /home/vscode/colore/ontologies/orderings/down_branch.clif
INFO:macleod.Ontology:Collected 5 imported axioms
INFO:macleod.Ontology:Working from a total of 5 axioms (including imported ones)
INFO:macleod.Ontology:Converting /home/vscode/colore/ontologies/orderings/down_branch.clif to LADR format
INFO:macleod.Ontology:Found 0 axioms in /home/vscode/colore/ontologies/orderings/down_branch.clif
INFO:macleod.Ontology:Collected 5 imported axioms
INFO:macleod.Ontology:Working from a total of 5 axioms (including imported ones)
INFO:p9_tools.clif_pipeline:Verified /home/vscode/colore/ontologies/orderings/down_branch.clif: 5 axioms in, 5 axioms out
INFO:p9_tools.clif_pipeline:Translated /home/vscode/colore/ontologies/orderings/down_branch.clif -> /home/vscode/colore/ontologies/orderings/down_branch.in
INFO:macleod.Ontology:Found 1 axioms in /home/vscode/colore/ontologies/orderings/branching_meetless.clif
INFO:macleod.Ontology:Collected 5 imported axioms
INFO:macleod.Ontology:Working from a total of 6 axioms (including imported ones)
INFO:macleod.Ontology:Converting /home/vscode/colore/ontologies/orderings/branching_meetless.clif to LADR format
INFO:macleod.Ontology:Found 1 axioms in /home/vscode/colore/ontologies/orderings/branching_meetless.clif
INFO:macleod.Ontology:Collected 5 imported axioms
INFO:macleod.Ontology:Working from a total of 6 axioms (including imported ones)
INFO:p9_tools.clif_pipeline:Verified /home/vscode/colore/ontologies/orderings/branching_meetless.clif: 6 axioms in, 6 axioms out
INFO:p9_tools.clif_pipeline:Translated /home/vscode/colore/ontologies/orderings/branching_meetless.clif -> /home/vscode/colore/ontologies/orderings/branching_meetless.in
INFO:macleod.Ontology:Found 1 axioms in /home/vscode/colore/ontologies/orderings/ramexists.clif
INFO:macleod.Ontology:Collected 6 imported axioms
INFO:macleod.Ontology:Working from a total of 7 axioms (including imported ones)
INFO:macleod.Ontology:Converting /home/vscode/colore/ontologies/orderings/ramexists.clif to LADR format
INFO:macleod.Ontology:Found 1 axioms in /home/vscode/colore/ontologies/orderings/ramexists.clif
INFO:macleod.Ontology:Collected 6 imported axioms
INFO:macleod.Ontology:Working from a total of 7 axioms (including imported ones)
INFO:p9_tools.clif_pipeline:Verified /home/vscode/colore/ontologies/orderings/ramexists.clif: 7 axioms in, 7 axioms out
INFO:p9_tools.clif_pipeline:Translated /home/vscode/colore/ontologies/orderings/ramexists.clif -> /home/vscode/colore/ontologies/orderings/ramexists.in
INFO:macleod.Ontology:Starting to parse /home/vscode/colore/ontologies/orderings/complemented_join_quasilattice.clif
INFO:macleod.Ontology:Starting to parse /home/vscode/colore/ontologies/orderings/join_quasilattice.clif
INFO:macleod.Ontology:Found 0 axioms in /home/vscode/colore/ontologies/orderings/join_quasicomplemented.clif
INFO:macleod.Ontology:Collected 13 imported axioms
INFO:macleod.Ontology:Working from a total of 13 axioms (including imported ones)
INFO:macleod.Ontology:Converting /home/vscode/colore/ontologies/orderings/join_quasicomplemented.clif to LADR format
INFO:macleod.Ontology:Found 0 axioms in /home/vscode/colore/ontologies/orderings/join_quasicomplemented.clif
INFO:macleod.Ontology:Collected 13 imported axioms
INFO:macleod.Ontology:Working from a total of 13 axioms (including imported ones)
INFO:p9_tools.clif_pipeline:Verified /home/vscode/colore/ontologies/orderings/join_quasicomplemented.clif: 13 axioms in, 13 axioms out
INFO:p9_tools.clif_pipeline:Translated /home/vscode/colore/ontologies/orderings/join_quasicomplemented.clif -> /home/vscode/colore/ontologies/orderings/join_quasicomplemented.in
INFO:macleod.Ontology:Found 0 axioms in /home/vscode/colore/ontologies/orderings/complemented_meet_quasilattice.clif
INFO:macleod.Ontology:Collected 12 imported axioms
INFO:macleod.Ontology:Working from a total of 12 axioms (including imported ones)
INFO:macleod.Ontology:Converting /home/vscode/colore/ontologies/orderings/complemented_meet_quasilattice.clif to LADR format
INFO:macleod.Ontology:Found 0 axioms in /home/vscode/colore/ontologies/orderings/complemented_meet_quasilattice.clif
INFO:macleod.Ontology:Collected 12 imported axioms
INFO:macleod.Ontology:Working from a total of 12 axioms (including imported ones)
INFO:p9_tools.clif_pipeline:Verified /home/vscode/colore/ontologies/orderings/complemented_meet_quasilattice.clif: 12 axioms in, 12 axioms out
INFO:p9_tools.clif_pipeline:Translated /home/vscode/colore/ontologies/orderings/complemented_meet_quasilattice.clif -> /home/vscode/colore/ontologies/orderings/complemented_meet_quasilattice.in
INFO:macleod.Ontology:Found 1 axioms in /home/vscode/colore/ontologies/orderings/joinless.clif
INFO:macleod.Ontology:Collected 5 imported axioms
INFO:macleod.Ontology:Working from a total of 6 axioms (including imported ones)
INFO:macleod.Ontology:Converting /home/vscode/colore/ontologies/orderings/joinless.clif to LADR format
INFO:macleod.Ontology:Found 1 axioms in /home/vscode/colore/ontologies/orderings/joinless.clif
INFO:macleod.Ontology:Collected 5 imported axioms
INFO:macleod.Ontology:Working from a total of 6 axioms (including imported ones)
INFO:p9_tools.clif_pipeline:Verified /home/vscode/colore/ontologies/orderings/joinless.clif: 6 axioms in, 6 axioms out
INFO:p9_tools.clif_pipeline:Translated /home/vscode/colore/ontologies/orderings/joinless.clif -> /home/vscode/colore/ontologies/orderings/joinless.in
INFO:macleod.Ontology:Found 0 axioms in /home/vscode/colore/ontologies/orderings/dense_semilinear.clif
INFO:macleod.Ontology:Collected 10 imported axioms
INFO:macleod.Ontology:Working from a total of 10 axioms (including imported ones)
INFO:macleod.Ontology:Converting /home/vscode/colore/ontologies/orderings/dense_semilinear.clif to LADR format
INFO:macleod.Ontology:Found 0 axioms in /home/vscode/colore/ontologies/orderings/dense_semilinear.clif
INFO:macleod.Ontology:Collected 10 imported axioms
INFO:macleod.Ontology:Working from a total of 10 axioms (including imported ones)
INFO:p9_tools.clif_pipeline:Verified /home/vscode/colore/ontologies/orderings/dense_semilinear.clif: 10 axioms in, 10 axioms out
INFO:p9_tools.clif_pipeline:Translated /home/vscode/colore/ontologies/orderings/dense_semilinear.clif -> /home/vscode/colore/ontologies/orderings/dense_semilinear.in
INFO:macleod.Ontology:Found 0 axioms in /home/vscode/colore/ontologies/orderings/bottomless_quasicomplemented.clif
INFO:macleod.Ontology:Collected 11 imported axioms
INFO:macleod.Ontology:Working from a total of 11 axioms (including imported ones)
INFO:macleod.Ontology:Converting /home/vscode/colore/ontologies/orderings/bottomless_quasicomplemented.clif to LADR format
INFO:macleod.Ontology:Found 0 axioms in /home/vscode/colore/ontologies/orderings/bottomless_quasicomplemented.clif
INFO:macleod.Ontology:Collected 11 imported axioms
INFO:macleod.Ontology:Working from a total of 11 axioms (including imported ones)
INFO:p9_tools.clif_pipeline:Verified /home/vscode/colore/ontologies/orderings/bottomless_quasicomplemented.clif: 11 axioms in, 11 axioms out
INFO:p9_tools.clif_pipeline:Translated /home/vscode/colore/ontologies/orderings/bottomless_quasicomplemented.clif -> /home/vscode/colore/ontologies/orderings/bottomless_quasicomplemented.in
INFO:macleod.Ontology:Found 1 axioms in /home/vscode/colore/ontologies/orderings/topless.clif
INFO:macleod.Ontology:Collected 2 imported axioms
INFO:macleod.Ontology:Working from a total of 3 axioms (including imported ones)
INFO:macleod.Ontology:Converting /home/vscode/colore/ontologies/orderings/topless.clif to LADR format
INFO:macleod.Ontology:Found 1 axioms in /home/vscode/colore/ontologies/orderings/topless.clif
INFO:macleod.Ontology:Collected 2 imported axioms
INFO:macleod.Ontology:Working from a total of 3 axioms (including imported ones)
INFO:p9_tools.clif_pipeline:Verified /home/vscode/colore/ontologies/orderings/topless.clif: 3 axioms in, 3 axioms out
INFO:p9_tools.clif_pipeline:Translated /home/vscode/colore/ontologies/orderings/topless.clif -> /home/vscode/colore/ontologies/orderings/topless.in
INFO:macleod.Ontology:Found 0 axioms in /home/vscode/colore/ontologies/orderings/proper_quasipseudocomplemented.clif
INFO:macleod.Ontology:Collected 11 imported axioms
INFO:macleod.Ontology:Working from a total of 11 axioms (including imported ones)
INFO:macleod.Ontology:Converting /home/vscode/colore/ontologies/orderings/proper_quasipseudocomplemented.clif to LADR format
INFO:macleod.Ontology:Found 0 axioms in /home/vscode/colore/ontologies/orderings/proper_quasipseudocomplemented.clif
INFO:macleod.Ontology:Collected 11 imported axioms
INFO:macleod.Ontology:Working from a total of 11 axioms (including imported ones)
INFO:p9_tools.clif_pipeline:Verified /home/vscode/colore/ontologies/orderings/proper_quasipseudocomplemented.clif: 11 axioms in, 11 axioms out
INFO:p9_tools.clif_pipeline:Translated /home/vscode/colore/ontologies/orderings/proper_quasipseudocomplemented.clif -> /home/vscode/colore/ontologies/orderings/proper_quasipseudocomplemented.in
INFO:macleod.Ontology:Found 2 axioms in /home/vscode/colore/ontologies/orderings/discrete_partial.clif
INFO:macleod.Ontology:Collected 5 imported axioms
INFO:macleod.Ontology:Working from a total of 7 axioms (including imported ones)
INFO:macleod.Ontology:Converting /home/vscode/colore/ontologies/orderings/discrete_partial.clif to LADR format
INFO:macleod.Ontology:Found 2 axioms in /home/vscode/colore/ontologies/orderings/discrete_partial.clif
INFO:macleod.Ontology:Collected 5 imported axioms
INFO:macleod.Ontology:Working from a total of 7 axioms (including imported ones)
INFO:p9_tools.clif_pipeline:Verified /home/vscode/colore/ontologies/orderings/discrete_partial.clif: 7 axioms in, 7 axioms out
INFO:p9_tools.clif_pipeline:Translated /home/vscode/colore/ontologies/orderings/discrete_partial.clif -> /home/vscode/colore/ontologies/orderings/discrete_partial.in
INFO:macleod.Ontology:Found 0 axioms in /home/vscode/colore/ontologies/orderings/infinite_ordering.clif
INFO:macleod.Ontology:Collected 4 imported axioms
INFO:macleod.Ontology:Working from a total of 4 axioms (including imported ones)
INFO:macleod.Ontology:Converting /home/vscode/colore/ontologies/orderings/infinite_ordering.clif to LADR format
INFO:macleod.Ontology:Found 0 axioms in /home/vscode/colore/ontologies/orderings/infinite_ordering.clif
INFO:macleod.Ontology:Collected 4 imported axioms
INFO:macleod.Ontology:Working from a total of 4 axioms (including imported ones)
INFO:p9_tools.clif_pipeline:Verified /home/vscode/colore/ontologies/orderings/infinite_ordering.clif: 4 axioms in, 4 axioms out
INFO:p9_tools.clif_pipeline:Translated /home/vscode/colore/ontologies/orderings/infinite_ordering.clif -> /home/vscode/colore/ontologies/orderings/infinite_ordering.in
INFO:macleod.Ontology:Starting to parse /home/vscode/colore/ontologies/orderings/pseudocomplemented_join_quasilattice.clif
INFO:macleod.Ontology:Found 0 axioms in /home/vscode/colore/ontologies/orderings/join_quasipseudocomplemented.clif
INFO:macleod.Ontology:Collected 12 imported axioms
INFO:macleod.Ontology:Working from a total of 12 axioms (including imported ones)
INFO:macleod.Ontology:Converting /home/vscode/colore/ontologies/orderings/join_quasipseudocomplemented.clif to LADR format
INFO:macleod.Ontology:Found 0 axioms in /home/vscode/colore/ontologies/orderings/join_quasipseudocomplemented.clif
INFO:macleod.Ontology:Collected 12 imported axioms
INFO:macleod.Ontology:Working from a total of 12 axioms (including imported ones)
INFO:p9_tools.clif_pipeline:Verified /home/vscode/colore/ontologies/orderings/join_quasipseudocomplemented.clif: 12 axioms in, 12 axioms out
INFO:p9_tools.clif_pipeline:Translated /home/vscode/colore/ontologies/orderings/join_quasipseudocomplemented.clif -> /home/vscode/colore/ontologies/orderings/join_quasipseudocomplemented.in
INFO:macleod.Ontology:Found 0 axioms in /home/vscode/colore/ontologies/orderings/bottomless_quasilattice.clif
INFO:macleod.Ontology:Collected 6 imported axioms
INFO:macleod.Ontology:Working from a total of 6 axioms (including imported ones)
INFO:macleod.Ontology:Converting /home/vscode/colore/ontologies/orderings/bottomless_quasilattice.clif to LADR format
INFO:macleod.Ontology:Found 0 axioms in /home/vscode/colore/ontologies/orderings/bottomless_quasilattice.clif
INFO:macleod.Ontology:Collected 6 imported axioms
INFO:macleod.Ontology:Working from a total of 6 axioms (including imported ones)
INFO:p9_tools.clif_pipeline:Verified /home/vscode/colore/ontologies/orderings/bottomless_quasilattice.clif: 6 axioms in, 6 axioms out
INFO:p9_tools.clif_pipeline:Translated /home/vscode/colore/ontologies/orderings/bottomless_quasilattice.clif -> /home/vscode/colore/ontologies/orderings/bottomless_quasilattice.in
INFO:macleod.Ontology:Found 1 axioms in /home/vscode/colore/ontologies/orderings/nofinal.clif
INFO:macleod.Ontology:Collected 2 imported axioms
INFO:macleod.Ontology:Working from a total of 3 axioms (including imported ones)
INFO:macleod.Ontology:Converting /home/vscode/colore/ontologies/orderings/nofinal.clif to LADR format
INFO:macleod.Ontology:Found 1 axioms in /home/vscode/colore/ontologies/orderings/nofinal.clif
INFO:macleod.Ontology:Collected 2 imported axioms
INFO:macleod.Ontology:Working from a total of 3 axioms (including imported ones)
INFO:p9_tools.clif_pipeline:Verified /home/vscode/colore/ontologies/orderings/nofinal.clif: 3 axioms in, 3 axioms out
INFO:p9_tools.clif_pipeline:Translated /home/vscode/colore/ontologies/orderings/nofinal.clif -> /home/vscode/colore/ontologies/orderings/nofinal.in
INFO:macleod.Ontology:Found 0 axioms in /home/vscode/colore/ontologies/orderings/up_disc_semilinear.clif
INFO:macleod.Ontology:Collected 4 imported axioms
INFO:macleod.Ontology:Working from a total of 4 axioms (including imported ones)
INFO:macleod.Ontology:Converting /home/vscode/colore/ontologies/orderings/up_disc_semilinear.clif to LADR format
INFO:macleod.Ontology:Found 0 axioms in /home/vscode/colore/ontologies/orderings/up_disc_semilinear.clif
INFO:macleod.Ontology:Collected 4 imported axioms
INFO:macleod.Ontology:Working from a total of 4 axioms (including imported ones)
INFO:p9_tools.clif_pipeline:Verified /home/vscode/colore/ontologies/orderings/up_disc_semilinear.clif: 4 axioms in, 4 axioms out
INFO:p9_tools.clif_pipeline:Translated /home/vscode/colore/ontologies/orderings/up_disc_semilinear.clif -> /home/vscode/colore/ontologies/orderings/up_disc_semilinear.in
INFO:macleod.Ontology:Starting to parse /home/vscode/colore/ontologies/orderings/ramified.clif
INFO:macleod.Ontology:Starting to parse /home/vscode/colore/ontologies/orderings/special_nonmin.clif
INFO:macleod.Ontology:Found 0 axioms in /home/vscode/colore/ontologies/orderings/special_ramified_meetless.clif
INFO:macleod.Ontology:Collected 14 imported axioms
INFO:macleod.Ontology:Working from a total of 14 axioms (including imported ones)
INFO:macleod.Ontology:Converting /home/vscode/colore/ontologies/orderings/special_ramified_meetless.clif to LADR format
INFO:macleod.Ontology:Found 0 axioms in /home/vscode/colore/ontologies/orderings/special_ramified_meetless.clif
INFO:macleod.Ontology:Collected 14 imported axioms
INFO:macleod.Ontology:Working from a total of 14 axioms (including imported ones)
INFO:p9_tools.clif_pipeline:Verified /home/vscode/colore/ontologies/orderings/special_ramified_meetless.clif: 14 axioms in, 14 axioms out
INFO:p9_tools.clif_pipeline:Translated /home/vscode/colore/ontologies/orderings/special_ramified_meetless.clif -> /home/vscode/colore/ontologies/orderings/special_ramified_meetless.in
INFO:macleod.Ontology:Found 1 axioms in /home/vscode/colore/ontologies/orderings/binary_meetless.clif
INFO:macleod.Ontology:Collected 6 imported axioms
INFO:macleod.Ontology:Working from a total of 7 axioms (including imported ones)
INFO:macleod.Ontology:Converting /home/vscode/colore/ontologies/orderings/binary_meetless.clif to LADR format
INFO:macleod.Ontology:Found 1 axioms in /home/vscode/colore/ontologies/orderings/binary_meetless.clif
INFO:macleod.Ontology:Collected 6 imported axioms
INFO:macleod.Ontology:Working from a total of 7 axioms (including imported ones)
INFO:p9_tools.clif_pipeline:Verified /home/vscode/colore/ontologies/orderings/binary_meetless.clif: 7 axioms in, 7 axioms out
INFO:p9_tools.clif_pipeline:Translated /home/vscode/colore/ontologies/orderings/binary_meetless.clif -> /home/vscode/colore/ontologies/orderings/binary_meetless.in
INFO:macleod.Ontology:Found 1 axioms in /home/vscode/colore/ontologies/orderings/weak_ramified.clif
INFO:macleod.Ontology:Collected 6 imported axioms
INFO:macleod.Ontology:Working from a total of 7 axioms (including imported ones)
INFO:macleod.Ontology:Converting /home/vscode/colore/ontologies/orderings/weak_ramified.clif to LADR format
INFO:macleod.Ontology:Found 1 axioms in /home/vscode/colore/ontologies/orderings/weak_ramified.clif
INFO:macleod.Ontology:Collected 6 imported axioms
INFO:macleod.Ontology:Working from a total of 7 axioms (including imported ones)
INFO:p9_tools.clif_pipeline:Verified /home/vscode/colore/ontologies/orderings/weak_ramified.clif: 7 axioms in, 7 axioms out
INFO:p9_tools.clif_pipeline:Translated /home/vscode/colore/ontologies/orderings/weak_ramified.clif -> /home/vscode/colore/ontologies/orderings/weak_ramified.in
INFO:macleod.Ontology:Found 0 axioms in /home/vscode/colore/ontologies/orderings/proper_meet_quasilattice.clif
INFO:macleod.Ontology:Collected 6 imported axioms
INFO:macleod.Ontology:Working from a total of 6 axioms (including imported ones)
INFO:macleod.Ontology:Converting /home/vscode/colore/ontologies/orderings/proper_meet_quasilattice.clif to LADR format
INFO:macleod.Ontology:Found 0 axioms in /home/vscode/colore/ontologies/orderings/proper_meet_quasilattice.clif
INFO:macleod.Ontology:Collected 6 imported axioms
INFO:macleod.Ontology:Working from a total of 6 axioms (including imported ones)
INFO:p9_tools.clif_pipeline:Verified /home/vscode/colore/ontologies/orderings/proper_meet_quasilattice.clif: 6 axioms in, 6 axioms out
INFO:p9_tools.clif_pipeline:Translated /home/vscode/colore/ontologies/orderings/proper_meet_quasilattice.clif -> /home/vscode/colore/ontologies/orderings/proper_meet_quasilattice.in
INFO:macleod.Ontology:Found 0 axioms in /home/vscode/colore/ontologies/orderings/bounded_poset.clif
INFO:macleod.Ontology:Collected 5 imported axioms
INFO:macleod.Ontology:Working from a total of 5 axioms (including imported ones)
INFO:macleod.Ontology:Converting /home/vscode/colore/ontologies/orderings/bounded_poset.clif to LADR format
INFO:macleod.Ontology:Found 0 axioms in /home/vscode/colore/ontologies/orderings/bounded_poset.clif
INFO:macleod.Ontology:Collected 5 imported axioms
INFO:macleod.Ontology:Working from a total of 5 axioms (including imported ones)
INFO:p9_tools.clif_pipeline:Verified /home/vscode/colore/ontologies/orderings/bounded_poset.clif: 5 axioms in, 5 axioms out
INFO:p9_tools.clif_pipeline:Translated /home/vscode/colore/ontologies/orderings/bounded_poset.clif -> /home/vscode/colore/ontologies/orderings/bounded_poset.in
INFO:macleod.Ontology:Found 0 axioms in /home/vscode/colore/ontologies/orderings/proper_join_quasilattice.clif
INFO:macleod.Ontology:Collected 6 imported axioms
INFO:macleod.Ontology:Working from a total of 6 axioms (including imported ones)
INFO:macleod.Ontology:Converting /home/vscode/colore/ontologies/orderings/proper_join_quasilattice.clif to LADR format
INFO:macleod.Ontology:Found 0 axioms in /home/vscode/colore/ontologies/orderings/proper_join_quasilattice.clif
INFO:macleod.Ontology:Collected 6 imported axioms
INFO:macleod.Ontology:Working from a total of 6 axioms (including imported ones)
INFO:p9_tools.clif_pipeline:Verified /home/vscode/colore/ontologies/orderings/proper_join_quasilattice.clif: 6 axioms in, 6 axioms out
INFO:p9_tools.clif_pipeline:Translated /home/vscode/colore/ontologies/orderings/proper_join_quasilattice.clif -> /home/vscode/colore/ontologies/orderings/proper_join_quasilattice.in
INFO:macleod.Ontology:Starting to parse /home/vscode/colore/ontologies/orderings/ternary_meet.clif
WARNING:macleod.parsing.parser:Attempted to parse non-existent file: /home/vscode/colore/ontologies/orderings/ternary_meet.clif
ERROR:__main__:Translation failed for /home/vscode/colore/ontologies/orderings/ternary_semilinear.clif: 'NoneType' object has no attribute 'basepath' and no __dict__ for setting new attributes
INFO:macleod.Ontology:Found 0 axioms in /home/vscode/colore/ontologies/orderings/ternary_2transitive.clif
INFO:macleod.Ontology:Collected 15 imported axioms
INFO:macleod.Ontology:Working from a total of 15 axioms (including imported ones)
INFO:macleod.Ontology:Converting /home/vscode/colore/ontologies/orderings/ternary_2transitive.clif to LADR format
INFO:macleod.Ontology:Found 0 axioms in /home/vscode/colore/ontologies/orderings/ternary_2transitive.clif
INFO:macleod.Ontology:Collected 15 imported axioms
INFO:macleod.Ontology:Working from a total of 15 axioms (including imported ones)
INFO:p9_tools.clif_pipeline:Verified /home/vscode/colore/ontologies/orderings/ternary_2transitive.clif: 15 axioms in, 15 axioms out
INFO:p9_tools.clif_pipeline:Translated /home/vscode/colore/ontologies/orderings/ternary_2transitive.clif -> /home/vscode/colore/ontologies/orderings/ternary_2transitive.in
INFO:macleod.Ontology:Found 1 axioms in /home/vscode/colore/ontologies/orderings/branching_meet.clif
INFO:macleod.Ontology:Collected 5 imported axioms
INFO:macleod.Ontology:Working from a total of 6 axioms (including imported ones)
INFO:macleod.Ontology:Converting /home/vscode/colore/ontologies/orderings/branching_meet.clif to LADR format
INFO:macleod.Ontology:Found 1 axioms in /home/vscode/colore/ontologies/orderings/branching_meet.clif
INFO:macleod.Ontology:Collected 5 imported axioms
INFO:macleod.Ontology:Working from a total of 6 axioms (including imported ones)
INFO:p9_tools.clif_pipeline:Verified /home/vscode/colore/ontologies/orderings/branching_meet.clif: 6 axioms in, 6 axioms out
INFO:p9_tools.clif_pipeline:Translated /home/vscode/colore/ontologies/orderings/branching_meet.clif -> /home/vscode/colore/ontologies/orderings/branching_meet.in
INFO:macleod.Ontology:Starting to parse /home/vscode/colore/ontologies/orderings/lattice_ordering.clif
INFO:macleod.Ontology:Starting to parse /home/vscode/colore/ontologies/orderings/definitions/lub.clif
INFO:macleod.Ontology:Found 1 axioms in /home/vscode/colore/ontologies/orderings/section_complemented_lattice_ordering.clif
INFO:macleod.Ontology:Collected 9 imported axioms
INFO:macleod.Ontology:Working from a total of 10 axioms (including imported ones)
INFO:macleod.Ontology:Converting /home/vscode/colore/ontologies/orderings/section_complemented_lattice_ordering.clif to LADR format
INFO:macleod.Ontology:Found 1 axioms in /home/vscode/colore/ontologies/orderings/section_complemented_lattice_ordering.clif
INFO:macleod.Ontology:Collected 9 imported axioms
INFO:macleod.Ontology:Working from a total of 10 axioms (including imported ones)
INFO:p9_tools.clif_pipeline:Verified /home/vscode/colore/ontologies/orderings/section_complemented_lattice_ordering.clif: 10 axioms in, 10 axioms out
INFO:p9_tools.clif_pipeline:Translated /home/vscode/colore/ontologies/orderings/section_complemented_lattice_ordering.clif -> /home/vscode/colore/ontologies/orderings/section_complemented_lattice_ordering.in
INFO:macleod.Ontology:Found 1 axioms in /home/vscode/colore/ontologies/orderings/atomless_poset.clif
INFO:macleod.Ontology:Collected 7 imported axioms
INFO:macleod.Ontology:Working from a total of 8 axioms (including imported ones)
INFO:macleod.Ontology:Converting /home/vscode/colore/ontologies/orderings/atomless_poset.clif to LADR format
INFO:macleod.Ontology:Found 1 axioms in /home/vscode/colore/ontologies/orderings/atomless_poset.clif
INFO:macleod.Ontology:Collected 7 imported axioms
INFO:macleod.Ontology:Working from a total of 8 axioms (including imported ones)
INFO:p9_tools.clif_pipeline:Verified /home/vscode/colore/ontologies/orderings/atomless_poset.clif: 8 axioms in, 8 axioms out
INFO:p9_tools.clif_pipeline:Translated /home/vscode/colore/ontologies/orderings/atomless_poset.clif -> /home/vscode/colore/ontologies/orderings/atomless_poset.in
INFO:macleod.Ontology:Found 1 axioms in /home/vscode/colore/ontologies/orderings/weak_atomless.clif
INFO:macleod.Ontology:Collected 6 imported axioms
INFO:macleod.Ontology:Working from a total of 7 axioms (including imported ones)
INFO:macleod.Ontology:Converting /home/vscode/colore/ontologies/orderings/weak_atomless.clif to LADR format
INFO:macleod.Ontology:Found 1 axioms in /home/vscode/colore/ontologies/orderings/weak_atomless.clif
INFO:macleod.Ontology:Collected 6 imported axioms
INFO:macleod.Ontology:Working from a total of 7 axioms (including imported ones)
INFO:p9_tools.clif_pipeline:Verified /home/vscode/colore/ontologies/orderings/weak_atomless.clif: 7 axioms in, 7 axioms out
INFO:p9_tools.clif_pipeline:Translated /home/vscode/colore/ontologies/orderings/weak_atomless.clif -> /home/vscode/colore/ontologies/orderings/weak_atomless.in
INFO:macleod.Ontology:Found 1 axioms in /home/vscode/colore/ontologies/orderings/minexists.clif
INFO:macleod.Ontology:Collected 4 imported axioms
INFO:macleod.Ontology:Working from a total of 5 axioms (including imported ones)
INFO:macleod.Ontology:Converting /home/vscode/colore/ontologies/orderings/minexists.clif to LADR format
INFO:macleod.Ontology:Found 1 axioms in /home/vscode/colore/ontologies/orderings/minexists.clif
INFO:macleod.Ontology:Collected 4 imported axioms
INFO:macleod.Ontology:Working from a total of 5 axioms (including imported ones)
INFO:p9_tools.clif_pipeline:Verified /home/vscode/colore/ontologies/orderings/minexists.clif: 5 axioms in, 5 axioms out
INFO:p9_tools.clif_pipeline:Translated /home/vscode/colore/ontologies/orderings/minexists.clif -> /home/vscode/colore/ontologies/orderings/minexists.in
INFO:macleod.Ontology:Found 1 axioms in /home/vscode/colore/ontologies/orderings/binary_meet.clif
INFO:macleod.Ontology:Collected 3 imported axioms
INFO:macleod.Ontology:Working from a total of 4 axioms (including imported ones)
INFO:macleod.Ontology:Converting /home/vscode/colore/ontologies/orderings/binary_meet.clif to LADR format
INFO:macleod.Ontology:Found 1 axioms in /home/vscode/colore/ontologies/orderings/binary_meet.clif
INFO:macleod.Ontology:Collected 3 imported axioms
INFO:macleod.Ontology:Working from a total of 4 axioms (including imported ones)
INFO:p9_tools.clif_pipeline:Verified /home/vscode/colore/ontologies/orderings/binary_meet.clif: 4 axioms in, 4 axioms out
INFO:p9_tools.clif_pipeline:Translated /home/vscode/colore/ontologies/orderings/binary_meet.clif -> /home/vscode/colore/ontologies/orderings/binary_meet.in
INFO:macleod.Ontology:Starting to parse /home/vscode/colore/ontologies/orderings/meet_semilattice.clif
WARNING:macleod.parsing.parser:Attempted to parse non-existent file: /home/vscode/colore/ontologies/orderings/meet_semilattice.clif
ERROR:__main__:Translation failed for /home/vscode/colore/ontologies/orderings/semilinear_semilattice.clif: 'NoneType' object has no attribute 'basepath' and no __dict__ for setting new attributes
INFO:macleod.Ontology:Starting to parse /home/vscode/colore/ontologies/orderings/maxexists.clif
INFO:macleod.Ontology:Found 0 axioms in /home/vscode/colore/ontologies/orderings/final_discrete_linear.clif
INFO:macleod.Ontology:Collected 11 imported axioms
INFO:macleod.Ontology:Working from a total of 11 axioms (including imported ones)
INFO:macleod.Ontology:Converting /home/vscode/colore/ontologies/orderings/final_discrete_linear.clif to LADR format
INFO:macleod.Ontology:Found 0 axioms in /home/vscode/colore/ontologies/orderings/final_discrete_linear.clif
INFO:macleod.Ontology:Collected 11 imported axioms
INFO:macleod.Ontology:Working from a total of 11 axioms (including imported ones)
INFO:p9_tools.clif_pipeline:Verified /home/vscode/colore/ontologies/orderings/final_discrete_linear.clif: 11 axioms in, 11 axioms out
INFO:p9_tools.clif_pipeline:Translated /home/vscode/colore/ontologies/orderings/final_discrete_linear.clif -> /home/vscode/colore/ontologies/orderings/final_discrete_linear.in
INFO:macleod.Ontology:Found 1 axioms in /home/vscode/colore/ontologies/orderings/topexists.clif
INFO:macleod.Ontology:Collected 3 imported axioms
INFO:macleod.Ontology:Working from a total of 4 axioms (including imported ones)
INFO:macleod.Ontology:Converting /home/vscode/colore/ontologies/orderings/topexists.clif to LADR format
INFO:macleod.Ontology:Found 1 axioms in /home/vscode/colore/ontologies/orderings/topexists.clif
INFO:macleod.Ontology:Collected 3 imported axioms
INFO:macleod.Ontology:Working from a total of 4 axioms (including imported ones)
INFO:p9_tools.clif_pipeline:Verified /home/vscode/colore/ontologies/orderings/topexists.clif: 4 axioms in, 4 axioms out
INFO:p9_tools.clif_pipeline:Translated /home/vscode/colore/ontologies/orderings/topexists.clif -> /home/vscode/colore/ontologies/orderings/topexists.in
INFO:macleod.Ontology:Found 1 axioms in /home/vscode/colore/ontologies/orderings/quasipseudocomplemented.clif
INFO:macleod.Ontology:Collected 8 imported axioms
INFO:macleod.Ontology:Working from a total of 9 axioms (including imported ones)
INFO:macleod.Ontology:Converting /home/vscode/colore/ontologies/orderings/quasipseudocomplemented.clif to LADR format
INFO:macleod.Ontology:Found 1 axioms in /home/vscode/colore/ontologies/orderings/quasipseudocomplemented.clif
INFO:macleod.Ontology:Collected 8 imported axioms
INFO:macleod.Ontology:Working from a total of 9 axioms (including imported ones)
INFO:p9_tools.clif_pipeline:Verified /home/vscode/colore/ontologies/orderings/quasipseudocomplemented.clif: 9 axioms in, 9 axioms out
INFO:p9_tools.clif_pipeline:Translated /home/vscode/colore/ontologies/orderings/quasipseudocomplemented.clif -> /home/vscode/colore/ontologies/orderings/quasipseudocomplemented.in
INFO:macleod.Ontology:Starting to parse /home/vscode/colore/ontologies/orderings/discrete_chains.clif
INFO:macleod.Ontology:Starting to parse /home/vscode/colore/ontologies/orderings/chains.clif
INFO:macleod.Ontology:Found 0 axioms in /home/vscode/colore/ontologies/orderings/discrete_chains_nofinal.clif
INFO:macleod.Ontology:Collected 12 imported axioms
INFO:macleod.Ontology:Working from a total of 12 axioms (including imported ones)
INFO:macleod.Ontology:Converting /home/vscode/colore/ontologies/orderings/discrete_chains_nofinal.clif to LADR format
INFO:macleod.Ontology:Found 0 axioms in /home/vscode/colore/ontologies/orderings/discrete_chains_nofinal.clif
INFO:macleod.Ontology:Collected 12 imported axioms
INFO:macleod.Ontology:Working from a total of 12 axioms (including imported ones)
INFO:p9_tools.clif_pipeline:Verified /home/vscode/colore/ontologies/orderings/discrete_chains_nofinal.clif: 12 axioms in, 12 axioms out
INFO:p9_tools.clif_pipeline:Translated /home/vscode/colore/ontologies/orderings/discrete_chains_nofinal.clif -> /home/vscode/colore/ontologies/orderings/discrete_chains_nofinal.in
INFO:macleod.Ontology:Starting to parse /home/vscode/colore/ontologies/orderings/definitions/compatible.clif
INFO:macleod.Ontology:Found 1 axioms in /home/vscode/colore/ontologies/orderings/forcing_poset.clif
INFO:macleod.Ontology:Collected 3 imported axioms
INFO:macleod.Ontology:Working from a total of 4 axioms (including imported ones)
INFO:macleod.Ontology:Converting /home/vscode/colore/ontologies/orderings/forcing_poset.clif to LADR format
INFO:macleod.Ontology:Found 1 axioms in /home/vscode/colore/ontologies/orderings/forcing_poset.clif
INFO:macleod.Ontology:Collected 3 imported axioms
INFO:macleod.Ontology:Working from a total of 4 axioms (including imported ones)
INFO:p9_tools.clif_pipeline:Verified /home/vscode/colore/ontologies/orderings/forcing_poset.clif: 4 axioms in, 4 axioms out
INFO:p9_tools.clif_pipeline:Translated /home/vscode/colore/ontologies/orderings/forcing_poset.clif -> /home/vscode/colore/ontologies/orderings/forcing_poset.in
INFO:macleod.Ontology:Found 2 axioms in /home/vscode/colore/ontologies/orderings/atomless_scattered_linear.clif
INFO:macleod.Ontology:Collected 13 imported axioms
INFO:macleod.Ontology:Working from a total of 15 axioms (including imported ones)
INFO:macleod.Ontology:Converting /home/vscode/colore/ontologies/orderings/atomless_scattered_linear.clif to LADR format
INFO:macleod.Ontology:Found 2 axioms in /home/vscode/colore/ontologies/orderings/atomless_scattered_linear.clif
INFO:macleod.Ontology:Collected 13 imported axioms
INFO:macleod.Ontology:Working from a total of 15 axioms (including imported ones)
INFO:p9_tools.clif_pipeline:Verified /home/vscode/colore/ontologies/orderings/atomless_scattered_linear.clif: 15 axioms in, 15 axioms out
INFO:p9_tools.clif_pipeline:Translated /home/vscode/colore/ontologies/orderings/atomless_scattered_linear.clif -> /home/vscode/colore/ontologies/orderings/atomless_scattered_linear.in
INFO:macleod.Ontology:Found 1 axioms in /home/vscode/colore/ontologies/orderings/coatomless_poset.clif
INFO:macleod.Ontology:Collected 6 imported axioms
INFO:macleod.Ontology:Working from a total of 7 axioms (including imported ones)
INFO:macleod.Ontology:Converting /home/vscode/colore/ontologies/orderings/coatomless_poset.clif to LADR format
INFO:macleod.Ontology:Found 1 axioms in /home/vscode/colore/ontologies/orderings/coatomless_poset.clif
INFO:macleod.Ontology:Collected 6 imported axioms
INFO:macleod.Ontology:Working from a total of 7 axioms (including imported ones)
INFO:p9_tools.clif_pipeline:Verified /home/vscode/colore/ontologies/orderings/coatomless_poset.clif: 7 axioms in, 7 axioms out
INFO:p9_tools.clif_pipeline:Translated /home/vscode/colore/ontologies/orderings/coatomless_poset.clif -> /home/vscode/colore/ontologies/orderings/coatomless_poset.in
INFO:macleod.Ontology:Found 0 axioms in /home/vscode/colore/ontologies/orderings/complemented_join_quasilattice.clif
INFO:macleod.Ontology:Collected 12 imported axioms
INFO:macleod.Ontology:Working from a total of 12 axioms (including imported ones)
INFO:macleod.Ontology:Converting /home/vscode/colore/ontologies/orderings/complemented_join_quasilattice.clif to LADR format
INFO:macleod.Ontology:Found 0 axioms in /home/vscode/colore/ontologies/orderings/complemented_join_quasilattice.clif
INFO:macleod.Ontology:Collected 12 imported axioms
INFO:macleod.Ontology:Working from a total of 12 axioms (including imported ones)
INFO:p9_tools.clif_pipeline:Verified /home/vscode/colore/ontologies/orderings/complemented_join_quasilattice.clif: 12 axioms in, 12 axioms out
INFO:p9_tools.clif_pipeline:Translated /home/vscode/colore/ontologies/orderings/complemented_join_quasilattice.clif -> /home/vscode/colore/ontologies/orderings/complemented_join_quasilattice.in
INFO:macleod.Ontology:Found 0 axioms in /home/vscode/colore/ontologies/orderings/forest.clif
INFO:macleod.Ontology:Collected 8 imported axioms
INFO:macleod.Ontology:Working from a total of 8 axioms (including imported ones)
INFO:macleod.Ontology:Converting /home/vscode/colore/ontologies/orderings/forest.clif to LADR format
INFO:macleod.Ontology:Found 0 axioms in /home/vscode/colore/ontologies/orderings/forest.clif
INFO:macleod.Ontology:Collected 8 imported axioms
INFO:macleod.Ontology:Working from a total of 8 axioms (including imported ones)
INFO:p9_tools.clif_pipeline:Verified /home/vscode/colore/ontologies/orderings/forest.clif: 8 axioms in, 8 axioms out
INFO:p9_tools.clif_pipeline:Translated /home/vscode/colore/ontologies/orderings/forest.clif -> /home/vscode/colore/ontologies/orderings/forest.in
INFO:macleod.Ontology:Found 0 axioms in /home/vscode/colore/ontologies/orderings/bounded_discrete_linear_order.clif
INFO:macleod.Ontology:Collected 10 imported axioms
INFO:macleod.Ontology:Working from a total of 10 axioms (including imported ones)
INFO:macleod.Ontology:Converting /home/vscode/colore/ontologies/orderings/bounded_discrete_linear_order.clif to LADR format
INFO:macleod.Ontology:Found 0 axioms in /home/vscode/colore/ontologies/orderings/bounded_discrete_linear_order.clif
INFO:macleod.Ontology:Collected 10 imported axioms
INFO:macleod.Ontology:Working from a total of 10 axioms (including imported ones)
INFO:p9_tools.clif_pipeline:Verified /home/vscode/colore/ontologies/orderings/bounded_discrete_linear_order.clif: 10 axioms in, 10 axioms out
INFO:p9_tools.clif_pipeline:Translated /home/vscode/colore/ontologies/orderings/bounded_discrete_linear_order.clif -> /home/vscode/colore/ontologies/orderings/bounded_discrete_linear_order.in
INFO:macleod.Ontology:Found 0 axioms in /home/vscode/colore/ontologies/orderings/pseudocomplemented_meet_quasilattice.clif
INFO:macleod.Ontology:Collected 11 imported axioms
INFO:macleod.Ontology:Working from a total of 11 axioms (including imported ones)
INFO:macleod.Ontology:Converting /home/vscode/colore/ontologies/orderings/pseudocomplemented_meet_quasilattice.clif to LADR format
INFO:macleod.Ontology:Found 0 axioms in /home/vscode/colore/ontologies/orderings/pseudocomplemented_meet_quasilattice.clif
INFO:macleod.Ontology:Collected 11 imported axioms
INFO:macleod.Ontology:Working from a total of 11 axioms (including imported ones)
INFO:p9_tools.clif_pipeline:Verified /home/vscode/colore/ontologies/orderings/pseudocomplemented_meet_quasilattice.clif: 11 axioms in, 11 axioms out
INFO:p9_tools.clif_pipeline:Translated /home/vscode/colore/ontologies/orderings/pseudocomplemented_meet_quasilattice.clif -> /home/vscode/colore/ontologies/orderings/pseudocomplemented_meet_quasilattice.in
INFO:macleod.Ontology:Found 1 axioms in /home/vscode/colore/ontologies/orderings/coatomless.clif
INFO:macleod.Ontology:Collected 5 imported axioms
INFO:macleod.Ontology:Working from a total of 6 axioms (including imported ones)
INFO:macleod.Ontology:Converting /home/vscode/colore/ontologies/orderings/coatomless.clif to LADR format
INFO:macleod.Ontology:Found 1 axioms in /home/vscode/colore/ontologies/orderings/coatomless.clif
INFO:macleod.Ontology:Collected 5 imported axioms
INFO:macleod.Ontology:Working from a total of 6 axioms (including imported ones)
INFO:p9_tools.clif_pipeline:Verified /home/vscode/colore/ontologies/orderings/coatomless.clif: 6 axioms in, 6 axioms out
INFO:p9_tools.clif_pipeline:Translated /home/vscode/colore/ontologies/orderings/coatomless.clif -> /home/vscode/colore/ontologies/orderings/coatomless.in
INFO:macleod.Ontology:Found 1 axioms in /home/vscode/colore/ontologies/orderings/branching3_meetless.clif
INFO:macleod.Ontology:Collected 5 imported axioms
INFO:macleod.Ontology:Working from a total of 6 axioms (including imported ones)
INFO:macleod.Ontology:Converting /home/vscode/colore/ontologies/orderings/branching3_meetless.clif to LADR format
INFO:macleod.Ontology:Found 1 axioms in /home/vscode/colore/ontologies/orderings/branching3_meetless.clif
INFO:macleod.Ontology:Collected 5 imported axioms
INFO:macleod.Ontology:Working from a total of 6 axioms (including imported ones)
INFO:p9_tools.clif_pipeline:Verified /home/vscode/colore/ontologies/orderings/branching3_meetless.clif: 6 axioms in, 6 axioms out
INFO:p9_tools.clif_pipeline:Translated /home/vscode/colore/ontologies/orderings/branching3_meetless.clif -> /home/vscode/colore/ontologies/orderings/branching3_meetless.in
INFO:macleod.Ontology:Found 0 axioms in /home/vscode/colore/ontologies/orderings/discrete_chains.clif
INFO:macleod.Ontology:Collected 9 imported axioms
INFO:macleod.Ontology:Working from a total of 9 axioms (including imported ones)
INFO:macleod.Ontology:Converting /home/vscode/colore/ontologies/orderings/discrete_chains.clif to LADR format
INFO:macleod.Ontology:Found 0 axioms in /home/vscode/colore/ontologies/orderings/discrete_chains.clif
INFO:macleod.Ontology:Collected 9 imported axioms
INFO:macleod.Ontology:Working from a total of 9 axioms (including imported ones)
INFO:p9_tools.clif_pipeline:Verified /home/vscode/colore/ontologies/orderings/discrete_chains.clif: 9 axioms in, 9 axioms out
INFO:p9_tools.clif_pipeline:Translated /home/vscode/colore/ontologies/orderings/discrete_chains.clif -> /home/vscode/colore/ontologies/orderings/discrete_chains.in
INFO:macleod.Ontology:Starting to parse /home/vscode/colore/ontologies/orderings/upper_bound.clif
INFO:macleod.Ontology:Found 0 axioms in /home/vscode/colore/ontologies/orderings/up_semilinear.clif
INFO:macleod.Ontology:Collected 5 imported axioms
INFO:macleod.Ontology:Working from a total of 5 axioms (including imported ones)
INFO:macleod.Ontology:Converting /home/vscode/colore/ontologies/orderings/up_semilinear.clif to LADR format
INFO:macleod.Ontology:Found 0 axioms in /home/vscode/colore/ontologies/orderings/up_semilinear.clif
INFO:macleod.Ontology:Collected 5 imported axioms
INFO:macleod.Ontology:Working from a total of 5 axioms (including imported ones)
INFO:p9_tools.clif_pipeline:Verified /home/vscode/colore/ontologies/orderings/up_semilinear.clif: 5 axioms in, 5 axioms out
INFO:p9_tools.clif_pipeline:Translated /home/vscode/colore/ontologies/orderings/up_semilinear.clif -> /home/vscode/colore/ontologies/orderings/up_semilinear.in
INFO:macleod.Ontology:Found 2 axioms in /home/vscode/colore/ontologies/orderings/semilinear_ordering.clif
INFO:macleod.Ontology:Collected 3 imported axioms
INFO:macleod.Ontology:Working from a total of 5 axioms (including imported ones)
INFO:macleod.Ontology:Converting /home/vscode/colore/ontologies/orderings/semilinear_ordering.clif to LADR format
INFO:macleod.Ontology:Found 2 axioms in /home/vscode/colore/ontologies/orderings/semilinear_ordering.clif
INFO:macleod.Ontology:Collected 3 imported axioms
INFO:macleod.Ontology:Working from a total of 5 axioms (including imported ones)
INFO:p9_tools.clif_pipeline:Verified /home/vscode/colore/ontologies/orderings/semilinear_ordering.clif: 5 axioms in, 5 axioms out
INFO:p9_tools.clif_pipeline:Translated /home/vscode/colore/ontologies/orderings/semilinear_ordering.clif -> /home/vscode/colore/ontologies/orderings/semilinear_ordering.in
INFO:macleod.Ontology:Found 0 axioms in /home/vscode/colore/ontologies/orderings/bounded_linear_order.clif
INFO:macleod.Ontology:Collected 13 imported axioms
INFO:macleod.Ontology:Working from a total of 13 axioms (including imported ones)
INFO:macleod.Ontology:Converting /home/vscode/colore/ontologies/orderings/bounded_linear_order.clif to LADR format
INFO:macleod.Ontology:Found 0 axioms in /home/vscode/colore/ontologies/orderings/bounded_linear_order.clif
INFO:macleod.Ontology:Collected 13 imported axioms
INFO:macleod.Ontology:Working from a total of 13 axioms (including imported ones)
INFO:p9_tools.clif_pipeline:Verified /home/vscode/colore/ontologies/orderings/bounded_linear_order.clif: 13 axioms in, 13 axioms out
INFO:p9_tools.clif_pipeline:Translated /home/vscode/colore/ontologies/orderings/bounded_linear_order.clif -> /home/vscode/colore/ontologies/orderings/bounded_linear_order.in
INFO:macleod.Ontology:Starting to parse /home/vscode/colore/ontologies/orderings/definitions/strong_atom.clif
INFO:macleod.Ontology:Found 1 axioms in /home/vscode/colore/ontologies/orderings/strong_atomic.clif
INFO:macleod.Ontology:Collected 7 imported axioms
INFO:macleod.Ontology:Working from a total of 8 axioms (including imported ones)
INFO:macleod.Ontology:Converting /home/vscode/colore/ontologies/orderings/strong_atomic.clif to LADR format
INFO:macleod.Ontology:Found 1 axioms in /home/vscode/colore/ontologies/orderings/strong_atomic.clif
INFO:macleod.Ontology:Collected 7 imported axioms
INFO:macleod.Ontology:Working from a total of 8 axioms (including imported ones)
INFO:p9_tools.clif_pipeline:Verified /home/vscode/colore/ontologies/orderings/strong_atomic.clif: 8 axioms in, 8 axioms out
INFO:p9_tools.clif_pipeline:Translated /home/vscode/colore/ontologies/orderings/strong_atomic.clif -> /home/vscode/colore/ontologies/orderings/strong_atomic.in
INFO:macleod.Ontology:Starting to parse /home/vscode/colore/ontologies/orderings/interval_order.clif
INFO:macleod.Ontology:Found 1 axioms in /home/vscode/colore/ontologies/orderings/semiorder.clif
INFO:macleod.Ontology:Collected 5 imported axioms
INFO:macleod.Ontology:Working from a total of 6 axioms (including imported ones)
INFO:macleod.Ontology:Converting /home/vscode/colore/ontologies/orderings/semiorder.clif to LADR format
INFO:macleod.Ontology:Found 1 axioms in /home/vscode/colore/ontologies/orderings/semiorder.clif
INFO:macleod.Ontology:Collected 5 imported axioms
INFO:macleod.Ontology:Working from a total of 6 axioms (including imported ones)
INFO:p9_tools.clif_pipeline:Verified /home/vscode/colore/ontologies/orderings/semiorder.clif: 6 axioms in, 6 axioms out
INFO:p9_tools.clif_pipeline:Translated /home/vscode/colore/ontologies/orderings/semiorder.clif -> /home/vscode/colore/ontologies/orderings/semiorder.in
INFO:macleod.Ontology:Found 1 axioms in /home/vscode/colore/ontologies/orderings/complemented_lattice_ordering.clif
INFO:macleod.Ontology:Collected 9 imported axioms
INFO:macleod.Ontology:Working from a total of 10 axioms (including imported ones)
INFO:macleod.Ontology:Converting /home/vscode/colore/ontologies/orderings/complemented_lattice_ordering.clif to LADR format
INFO:macleod.Ontology:Found 1 axioms in /home/vscode/colore/ontologies/orderings/complemented_lattice_ordering.clif
INFO:macleod.Ontology:Collected 9 imported axioms
INFO:macleod.Ontology:Working from a total of 10 axioms (including imported ones)
INFO:p9_tools.clif_pipeline:Verified /home/vscode/colore/ontologies/orderings/complemented_lattice_ordering.clif: 10 axioms in, 10 axioms out
INFO:p9_tools.clif_pipeline:Translated /home/vscode/colore/ontologies/orderings/complemented_lattice_ordering.clif -> /home/vscode/colore/ontologies/orderings/complemented_lattice_ordering.in
INFO:macleod.Ontology:Found 0 axioms in /home/vscode/colore/ontologies/orderings/proper_quasiboolean.clif
INFO:macleod.Ontology:Collected 11 imported axioms
INFO:macleod.Ontology:Working from a total of 11 axioms (including imported ones)
INFO:macleod.Ontology:Converting /home/vscode/colore/ontologies/orderings/proper_quasiboolean.clif to LADR format
INFO:macleod.Ontology:Found 0 axioms in /home/vscode/colore/ontologies/orderings/proper_quasiboolean.clif
INFO:macleod.Ontology:Collected 11 imported axioms
INFO:macleod.Ontology:Working from a total of 11 axioms (including imported ones)
INFO:p9_tools.clif_pipeline:Verified /home/vscode/colore/ontologies/orderings/proper_quasiboolean.clif: 11 axioms in, 11 axioms out
INFO:p9_tools.clif_pipeline:Translated /home/vscode/colore/ontologies/orderings/proper_quasiboolean.clif -> /home/vscode/colore/ontologies/orderings/proper_quasiboolean.in
INFO:macleod.Ontology:Found 0 axioms in /home/vscode/colore/ontologies/orderings/topless_quasilattice.clif
INFO:macleod.Ontology:Collected 6 imported axioms
INFO:macleod.Ontology:Working from a total of 6 axioms (including imported ones)
INFO:macleod.Ontology:Converting /home/vscode/colore/ontologies/orderings/topless_quasilattice.clif to LADR format
INFO:macleod.Ontology:Found 0 axioms in /home/vscode/colore/ontologies/orderings/topless_quasilattice.clif
INFO:macleod.Ontology:Collected 6 imported axioms
INFO:macleod.Ontology:Working from a total of 6 axioms (including imported ones)
INFO:p9_tools.clif_pipeline:Verified /home/vscode/colore/ontologies/orderings/topless_quasilattice.clif: 6 axioms in, 6 axioms out
INFO:p9_tools.clif_pipeline:Translated /home/vscode/colore/ontologies/orderings/topless_quasilattice.clif -> /home/vscode/colore/ontologies/orderings/topless_quasilattice.in
INFO:macleod.Ontology:Starting to parse /home/vscode/colore/ontologies/orderings/definitions/strong_coatom.clif
INFO:macleod.Ontology:Found 1 axioms in /home/vscode/colore/ontologies/orderings/strong_coatomic.clif
INFO:macleod.Ontology:Collected 7 imported axioms
INFO:macleod.Ontology:Working from a total of 8 axioms (including imported ones)
INFO:macleod.Ontology:Converting /home/vscode/colore/ontologies/orderings/strong_coatomic.clif to LADR format
INFO:macleod.Ontology:Found 1 axioms in /home/vscode/colore/ontologies/orderings/strong_coatomic.clif
INFO:macleod.Ontology:Collected 7 imported axioms
INFO:macleod.Ontology:Working from a total of 8 axioms (including imported ones)
INFO:p9_tools.clif_pipeline:Verified /home/vscode/colore/ontologies/orderings/strong_coatomic.clif: 8 axioms in, 8 axioms out
INFO:p9_tools.clif_pipeline:Translated /home/vscode/colore/ontologies/orderings/strong_coatomic.clif -> /home/vscode/colore/ontologies/orderings/strong_coatomic.in
INFO:macleod.Ontology:Found 1 axioms in /home/vscode/colore/ontologies/orderings/complemented_quasilattice.clif
INFO:macleod.Ontology:Collected 9 imported axioms
INFO:macleod.Ontology:Working from a total of 10 axioms (including imported ones)
INFO:macleod.Ontology:Converting /home/vscode/colore/ontologies/orderings/complemented_quasilattice.clif to LADR format
INFO:macleod.Ontology:Found 1 axioms in /home/vscode/colore/ontologies/orderings/complemented_quasilattice.clif
INFO:macleod.Ontology:Collected 9 imported axioms
INFO:macleod.Ontology:Working from a total of 10 axioms (including imported ones)
INFO:p9_tools.clif_pipeline:Verified /home/vscode/colore/ontologies/orderings/complemented_quasilattice.clif: 10 axioms in, 10 axioms out
INFO:p9_tools.clif_pipeline:Translated /home/vscode/colore/ontologies/orderings/complemented_quasilattice.clif -> /home/vscode/colore/ontologies/orderings/complemented_quasilattice.in
INFO:macleod.Ontology:Starting to parse /home/vscode/colore/ontologies/orderings/disconnected_semilinear.clif
INFO:macleod.Ontology:Starting to parse /home/vscode/colore/ontologies/orderings/lower_preorder.clif
INFO:macleod.Ontology:Starting to parse /home/vscode/colore/ontologies/orderings/weak_upper_separative.clif
INFO:macleod.Ontology:Found 0 axioms in /home/vscode/colore/ontologies/orderings/up_branch.clif
INFO:macleod.Ontology:Collected 5 imported axioms
INFO:macleod.Ontology:Working from a total of 5 axioms (including imported ones)
INFO:macleod.Ontology:Converting /home/vscode/colore/ontologies/orderings/up_branch.clif to LADR format
INFO:macleod.Ontology:Found 0 axioms in /home/vscode/colore/ontologies/orderings/up_branch.clif
INFO:macleod.Ontology:Collected 5 imported axioms
INFO:macleod.Ontology:Working from a total of 5 axioms (including imported ones)
INFO:p9_tools.clif_pipeline:Verified /home/vscode/colore/ontologies/orderings/up_branch.clif: 5 axioms in, 5 axioms out
INFO:p9_tools.clif_pipeline:Translated /home/vscode/colore/ontologies/orderings/up_branch.clif -> /home/vscode/colore/ontologies/orderings/up_branch.in
INFO:macleod.Ontology:Found 2 axioms in /home/vscode/colore/ontologies/orderings/bounded_chains.clif
INFO:macleod.Ontology:Collected 8 imported axioms
INFO:macleod.Ontology:Working from a total of 10 axioms (including imported ones)
INFO:macleod.Ontology:Converting /home/vscode/colore/ontologies/orderings/bounded_chains.clif to LADR format
INFO:macleod.Ontology:Found 2 axioms in /home/vscode/colore/ontologies/orderings/bounded_chains.clif
INFO:macleod.Ontology:Collected 8 imported axioms
INFO:macleod.Ontology:Working from a total of 10 axioms (including imported ones)
INFO:p9_tools.clif_pipeline:Verified /home/vscode/colore/ontologies/orderings/bounded_chains.clif: 10 axioms in, 10 axioms out
INFO:p9_tools.clif_pipeline:Translated /home/vscode/colore/ontologies/orderings/bounded_chains.clif -> /home/vscode/colore/ontologies/orderings/bounded_chains.in
INFO:macleod.Ontology:Found 1 axioms in /home/vscode/colore/ontologies/orderings/join_semilattice_ordering.clif
INFO:macleod.Ontology:Collected 3 imported axioms
INFO:macleod.Ontology:Working from a total of 4 axioms (including imported ones)
INFO:macleod.Ontology:Converting /home/vscode/colore/ontologies/orderings/join_semilattice_ordering.clif to LADR format
INFO:macleod.Ontology:Found 1 axioms in /home/vscode/colore/ontologies/orderings/join_semilattice_ordering.clif
INFO:macleod.Ontology:Collected 3 imported axioms
INFO:macleod.Ontology:Working from a total of 4 axioms (including imported ones)
INFO:p9_tools.clif_pipeline:Verified /home/vscode/colore/ontologies/orderings/join_semilattice_ordering.clif: 4 axioms in, 4 axioms out
INFO:p9_tools.clif_pipeline:Translated /home/vscode/colore/ontologies/orderings/join_semilattice_ordering.clif -> /home/vscode/colore/ontologies/orderings/join_semilattice_ordering.in
INFO:macleod.Ontology:Found 0 axioms in /home/vscode/colore/ontologies/orderings/min_discrete_linear.clif
INFO:macleod.Ontology:Collected 10 imported axioms
INFO:macleod.Ontology:Working from a total of 10 axioms (including imported ones)
INFO:macleod.Ontology:Converting /home/vscode/colore/ontologies/orderings/min_discrete_linear.clif to LADR format
INFO:macleod.Ontology:Found 0 axioms in /home/vscode/colore/ontologies/orderings/min_discrete_linear.clif
INFO:macleod.Ontology:Collected 10 imported axioms
INFO:macleod.Ontology:Working from a total of 10 axioms (including imported ones)
INFO:p9_tools.clif_pipeline:Verified /home/vscode/colore/ontologies/orderings/min_discrete_linear.clif: 10 axioms in, 10 axioms out
INFO:p9_tools.clif_pipeline:Translated /home/vscode/colore/ontologies/orderings/min_discrete_linear.clif -> /home/vscode/colore/ontologies/orderings/min_discrete_linear.in
INFO:macleod.Ontology:Found 1 axioms in /home/vscode/colore/ontologies/orderings/weak_coatomless.clif
INFO:macleod.Ontology:Collected 6 imported axioms
INFO:macleod.Ontology:Working from a total of 7 axioms (including imported ones)
INFO:macleod.Ontology:Converting /home/vscode/colore/ontologies/orderings/weak_coatomless.clif to LADR format
INFO:macleod.Ontology:Found 1 axioms in /home/vscode/colore/ontologies/orderings/weak_coatomless.clif
INFO:macleod.Ontology:Collected 6 imported axioms
INFO:macleod.Ontology:Working from a total of 7 axioms (including imported ones)
INFO:p9_tools.clif_pipeline:Verified /home/vscode/colore/ontologies/orderings/weak_coatomless.clif: 7 axioms in, 7 axioms out
INFO:p9_tools.clif_pipeline:Translated /home/vscode/colore/ontologies/orderings/weak_coatomless.clif -> /home/vscode/colore/ontologies/orderings/weak_coatomless.in
INFO:macleod.Ontology:Found 0 axioms in /home/vscode/colore/ontologies/orderings/mixed_meetless.clif
INFO:macleod.Ontology:Collected 15 imported axioms
INFO:macleod.Ontology:Working from a total of 15 axioms (including imported ones)
INFO:macleod.Ontology:Converting /home/vscode/colore/ontologies/orderings/mixed_meetless.clif to LADR format
INFO:macleod.Ontology:Found 0 axioms in /home/vscode/colore/ontologies/orderings/mixed_meetless.clif
INFO:macleod.Ontology:Collected 15 imported axioms
INFO:macleod.Ontology:Working from a total of 15 axioms (including imported ones)
INFO:p9_tools.clif_pipeline:Verified /home/vscode/colore/ontologies/orderings/mixed_meetless.clif: 15 axioms in, 15 axioms out
INFO:p9_tools.clif_pipeline:Translated /home/vscode/colore/ontologies/orderings/mixed_meetless.clif -> /home/vscode/colore/ontologies/orderings/mixed_meetless.in
INFO:macleod.Ontology:Found 1 axioms in /home/vscode/colore/ontologies/orderings/quasicomplemented.clif
INFO:macleod.Ontology:Collected 9 imported axioms
INFO:macleod.Ontology:Working from a total of 10 axioms (including imported ones)
INFO:macleod.Ontology:Converting /home/vscode/colore/ontologies/orderings/quasicomplemented.clif to LADR format
INFO:macleod.Ontology:Found 1 axioms in /home/vscode/colore/ontologies/orderings/quasicomplemented.clif
INFO:macleod.Ontology:Collected 9 imported axioms
INFO:macleod.Ontology:Working from a total of 10 axioms (including imported ones)
INFO:p9_tools.clif_pipeline:Verified /home/vscode/colore/ontologies/orderings/quasicomplemented.clif: 10 axioms in, 10 axioms out
INFO:p9_tools.clif_pipeline:Translated /home/vscode/colore/ontologies/orderings/quasicomplemented.clif -> /home/vscode/colore/ontologies/orderings/quasicomplemented.in
INFO:macleod.Ontology:Starting to parse /home/vscode/colore/ontologies/orderings/dense_linear.clif
INFO:macleod.Ontology:Found 0 axioms in /home/vscode/colore/ontologies/orderings/final_dense_linear.clif
INFO:macleod.Ontology:Collected 9 imported axioms
INFO:macleod.Ontology:Working from a total of 9 axioms (including imported ones)
INFO:macleod.Ontology:Converting /home/vscode/colore/ontologies/orderings/final_dense_linear.clif to LADR format
INFO:macleod.Ontology:Found 0 axioms in /home/vscode/colore/ontologies/orderings/final_dense_linear.clif
INFO:macleod.Ontology:Collected 9 imported axioms
INFO:macleod.Ontology:Working from a total of 9 axioms (including imported ones)
INFO:p9_tools.clif_pipeline:Verified /home/vscode/colore/ontologies/orderings/final_dense_linear.clif: 9 axioms in, 9 axioms out
INFO:p9_tools.clif_pipeline:Translated /home/vscode/colore/ontologies/orderings/final_dense_linear.clif -> /home/vscode/colore/ontologies/orderings/final_dense_linear.in
INFO:macleod.Ontology:Found 0 axioms in /home/vscode/colore/ontologies/orderings/ramified_meetless.clif
INFO:macleod.Ontology:Collected 15 imported axioms
INFO:macleod.Ontology:Working from a total of 15 axioms (including imported ones)
INFO:macleod.Ontology:Converting /home/vscode/colore/ontologies/orderings/ramified_meetless.clif to LADR format
INFO:macleod.Ontology:Found 0 axioms in /home/vscode/colore/ontologies/orderings/ramified_meetless.clif
INFO:macleod.Ontology:Collected 15 imported axioms
INFO:macleod.Ontology:Working from a total of 15 axioms (including imported ones)
INFO:p9_tools.clif_pipeline:Verified /home/vscode/colore/ontologies/orderings/ramified_meetless.clif: 15 axioms in, 15 axioms out
INFO:p9_tools.clif_pipeline:Translated /home/vscode/colore/ontologies/orderings/ramified_meetless.clif -> /home/vscode/colore/ontologies/orderings/ramified_meetless.in
INFO:macleod.Ontology:Found 1 axioms in /home/vscode/colore/ontologies/orderings/dense_partial.clif
INFO:macleod.Ontology:Collected 7 imported axioms
INFO:macleod.Ontology:Working from a total of 8 axioms (including imported ones)
INFO:macleod.Ontology:Converting /home/vscode/colore/ontologies/orderings/dense_partial.clif to LADR format
INFO:macleod.Ontology:Found 1 axioms in /home/vscode/colore/ontologies/orderings/dense_partial.clif
INFO:macleod.Ontology:Collected 7 imported axioms
INFO:macleod.Ontology:Working from a total of 8 axioms (including imported ones)
INFO:p9_tools.clif_pipeline:Verified /home/vscode/colore/ontologies/orderings/dense_partial.clif: 8 axioms in, 8 axioms out
INFO:p9_tools.clif_pipeline:Translated /home/vscode/colore/ontologies/orderings/dense_partial.clif -> /home/vscode/colore/ontologies/orderings/dense_partial.in
INFO:macleod.Ontology:Found 0 axioms in /home/vscode/colore/ontologies/orderings/infinite_linear.clif
INFO:macleod.Ontology:Collected 6 imported axioms
INFO:macleod.Ontology:Working from a total of 6 axioms (including imported ones)
INFO:macleod.Ontology:Converting /home/vscode/colore/ontologies/orderings/infinite_linear.clif to LADR format
INFO:macleod.Ontology:Found 0 axioms in /home/vscode/colore/ontologies/orderings/infinite_linear.clif
INFO:macleod.Ontology:Collected 6 imported axioms
INFO:macleod.Ontology:Working from a total of 6 axioms (including imported ones)
INFO:p9_tools.clif_pipeline:Verified /home/vscode/colore/ontologies/orderings/infinite_linear.clif: 6 axioms in, 6 axioms out
INFO:p9_tools.clif_pipeline:Translated /home/vscode/colore/ontologies/orderings/infinite_linear.clif -> /home/vscode/colore/ontologies/orderings/infinite_linear.in
INFO:macleod.Ontology:Found 1 axioms in /home/vscode/colore/ontologies/orderings/weak_upper_separative.clif
INFO:macleod.Ontology:Collected 3 imported axioms
INFO:macleod.Ontology:Working from a total of 4 axioms (including imported ones)
INFO:macleod.Ontology:Converting /home/vscode/colore/ontologies/orderings/weak_upper_separative.clif to LADR format
INFO:macleod.Ontology:Found 1 axioms in /home/vscode/colore/ontologies/orderings/weak_upper_separative.clif
INFO:macleod.Ontology:Collected 3 imported axioms
INFO:macleod.Ontology:Working from a total of 4 axioms (including imported ones)
INFO:p9_tools.clif_pipeline:Verified /home/vscode/colore/ontologies/orderings/weak_upper_separative.clif: 4 axioms in, 4 axioms out
INFO:p9_tools.clif_pipeline:Translated /home/vscode/colore/ontologies/orderings/weak_upper_separative.clif -> /home/vscode/colore/ontologies/orderings/weak_upper_separative.in
INFO:macleod.Ontology:Starting to parse /home/vscode/colore/ontologies/orderings/binary_meetless.clif
INFO:macleod.Ontology:Found 0 axioms in /home/vscode/colore/ontologies/orderings/binary_special_ramified_meetless.clif
INFO:macleod.Ontology:Collected 17 imported axioms
INFO:macleod.Ontology:Working from a total of 17 axioms (including imported ones)
INFO:macleod.Ontology:Converting /home/vscode/colore/ontologies/orderings/binary_special_ramified_meetless.clif to LADR format
INFO:macleod.Ontology:Found 0 axioms in /home/vscode/colore/ontologies/orderings/binary_special_ramified_meetless.clif
INFO:macleod.Ontology:Collected 17 imported axioms
INFO:macleod.Ontology:Working from a total of 17 axioms (including imported ones)
INFO:p9_tools.clif_pipeline:Verified /home/vscode/colore/ontologies/orderings/binary_special_ramified_meetless.clif: 17 axioms in, 17 axioms out
INFO:p9_tools.clif_pipeline:Translated /home/vscode/colore/ontologies/orderings/binary_special_ramified_meetless.clif -> /home/vscode/colore/ontologies/orderings/binary_special_ramified_meetless.in
INFO:macleod.Ontology:Found 1 axioms in /home/vscode/colore/ontologies/orderings/nice_cone.clif
INFO:macleod.Ontology:Collected 6 imported axioms
INFO:macleod.Ontology:Working from a total of 7 axioms (including imported ones)
INFO:macleod.Ontology:Converting /home/vscode/colore/ontologies/orderings/nice_cone.clif to LADR format
INFO:macleod.Ontology:Found 1 axioms in /home/vscode/colore/ontologies/orderings/nice_cone.clif
INFO:macleod.Ontology:Collected 6 imported axioms
INFO:macleod.Ontology:Working from a total of 7 axioms (including imported ones)
INFO:p9_tools.clif_pipeline:Verified /home/vscode/colore/ontologies/orderings/nice_cone.clif: 7 axioms in, 7 axioms out
INFO:p9_tools.clif_pipeline:Translated /home/vscode/colore/ontologies/orderings/nice_cone.clif -> /home/vscode/colore/ontologies/orderings/nice_cone.in
INFO:macleod.Ontology:Starting to parse /home/vscode/colore/ontologies/orderings/final_poset.clif
INFO:macleod.Ontology:Found 0 axioms in /home/vscode/colore/ontologies/orderings/final_linear.clif
INFO:macleod.Ontology:Collected 6 imported axioms
INFO:macleod.Ontology:Working from a total of 6 axioms (including imported ones)
INFO:macleod.Ontology:Converting /home/vscode/colore/ontologies/orderings/final_linear.clif to LADR format
INFO:macleod.Ontology:Found 0 axioms in /home/vscode/colore/ontologies/orderings/final_linear.clif
INFO:macleod.Ontology:Collected 6 imported axioms
INFO:macleod.Ontology:Working from a total of 6 axioms (including imported ones)
INFO:p9_tools.clif_pipeline:Verified /home/vscode/colore/ontologies/orderings/final_linear.clif: 6 axioms in, 6 axioms out
INFO:p9_tools.clif_pipeline:Translated /home/vscode/colore/ontologies/orderings/final_linear.clif -> /home/vscode/colore/ontologies/orderings/final_linear.in
INFO:macleod.Ontology:Found 0 axioms in /home/vscode/colore/ontologies/orderings/proper_quasilattice.clif
INFO:macleod.Ontology:Collected 7 imported axioms
INFO:macleod.Ontology:Working from a total of 7 axioms (including imported ones)
INFO:macleod.Ontology:Converting /home/vscode/colore/ontologies/orderings/proper_quasilattice.clif to LADR format
INFO:macleod.Ontology:Found 0 axioms in /home/vscode/colore/ontologies/orderings/proper_quasilattice.clif
INFO:macleod.Ontology:Collected 7 imported axioms
INFO:macleod.Ontology:Working from a total of 7 axioms (including imported ones)
INFO:p9_tools.clif_pipeline:Verified /home/vscode/colore/ontologies/orderings/proper_quasilattice.clif: 7 axioms in, 7 axioms out
INFO:p9_tools.clif_pipeline:Translated /home/vscode/colore/ontologies/orderings/proper_quasilattice.clif -> /home/vscode/colore/ontologies/orderings/proper_quasilattice.in
INFO:macleod.Ontology:Starting to parse /home/vscode/colore/ontologies/orderings/definitions/atom.clif
INFO:macleod.Ontology:Found 1 axioms in /home/vscode/colore/ontologies/orderings/atomic_ordering.clif
INFO:macleod.Ontology:Collected 6 imported axioms
INFO:macleod.Ontology:Working from a total of 7 axioms (including imported ones)
INFO:macleod.Ontology:Converting /home/vscode/colore/ontologies/orderings/atomic_ordering.clif to LADR format
INFO:macleod.Ontology:Found 1 axioms in /home/vscode/colore/ontologies/orderings/atomic_ordering.clif
INFO:macleod.Ontology:Collected 6 imported axioms
INFO:macleod.Ontology:Working from a total of 7 axioms (including imported ones)
INFO:p9_tools.clif_pipeline:Verified /home/vscode/colore/ontologies/orderings/atomic_ordering.clif: 7 axioms in, 7 axioms out
INFO:p9_tools.clif_pipeline:Translated /home/vscode/colore/ontologies/orderings/atomic_ordering.clif -> /home/vscode/colore/ontologies/orderings/atomic_ordering.in
INFO:macleod.Ontology:Found 1 axioms in /home/vscode/colore/ontologies/orderings/separative.clif
INFO:macleod.Ontology:Collected 3 imported axioms
INFO:macleod.Ontology:Working from a total of 4 axioms (including imported ones)
INFO:macleod.Ontology:Converting /home/vscode/colore/ontologies/orderings/separative.clif to LADR format
INFO:macleod.Ontology:Found 1 axioms in /home/vscode/colore/ontologies/orderings/separative.clif
INFO:macleod.Ontology:Collected 3 imported axioms
INFO:macleod.Ontology:Working from a total of 4 axioms (including imported ones)
INFO:p9_tools.clif_pipeline:Verified /home/vscode/colore/ontologies/orderings/separative.clif: 4 axioms in, 4 axioms out
INFO:p9_tools.clif_pipeline:Translated /home/vscode/colore/ontologies/orderings/separative.clif -> /home/vscode/colore/ontologies/orderings/separative.in
INFO:macleod.Ontology:Found 0 axioms in /home/vscode/colore/ontologies/orderings/dense_weak_separative.clif
INFO:macleod.Ontology:Collected 9 imported axioms
INFO:macleod.Ontology:Working from a total of 9 axioms (including imported ones)
INFO:macleod.Ontology:Converting /home/vscode/colore/ontologies/orderings/dense_weak_separative.clif to LADR format
INFO:macleod.Ontology:Found 0 axioms in /home/vscode/colore/ontologies/orderings/dense_weak_separative.clif
INFO:macleod.Ontology:Collected 9 imported axioms
INFO:macleod.Ontology:Working from a total of 9 axioms (including imported ones)
INFO:p9_tools.clif_pipeline:Verified /home/vscode/colore/ontologies/orderings/dense_weak_separative.clif: 9 axioms in, 9 axioms out
INFO:p9_tools.clif_pipeline:Translated /home/vscode/colore/ontologies/orderings/dense_weak_separative.clif -> /home/vscode/colore/ontologies/orderings/dense_weak_separative.in
INFO:macleod.Ontology:Starting to parse /home/vscode/colore/ontologies/orderings/branching3_meetless.clif
INFO:macleod.Ontology:Found 0 axioms in /home/vscode/colore/ontologies/orderings/binary_ternary_semilinear.clif
INFO:macleod.Ontology:Collected 17 imported axioms
INFO:macleod.Ontology:Working from a total of 17 axioms (including imported ones)
INFO:macleod.Ontology:Converting /home/vscode/colore/ontologies/orderings/binary_ternary_semilinear.clif to LADR format
INFO:macleod.Ontology:Found 0 axioms in /home/vscode/colore/ontologies/orderings/binary_ternary_semilinear.clif
INFO:macleod.Ontology:Collected 17 imported axioms
INFO:macleod.Ontology:Working from a total of 17 axioms (including imported ones)
INFO:p9_tools.clif_pipeline:Verified /home/vscode/colore/ontologies/orderings/binary_ternary_semilinear.clif: 17 axioms in, 17 axioms out
INFO:p9_tools.clif_pipeline:Translated /home/vscode/colore/ontologies/orderings/binary_ternary_semilinear.clif -> /home/vscode/colore/ontologies/orderings/binary_ternary_semilinear.in
INFO:macleod.Ontology:Found 1 axioms in /home/vscode/colore/ontologies/orderings/pseudocomplemented_lattice_ordering.clif
INFO:macleod.Ontology:Collected 7 imported axioms
INFO:macleod.Ontology:Working from a total of 8 axioms (including imported ones)
INFO:macleod.Ontology:Converting /home/vscode/colore/ontologies/orderings/pseudocomplemented_lattice_ordering.clif to LADR format
INFO:macleod.Ontology:Found 1 axioms in /home/vscode/colore/ontologies/orderings/pseudocomplemented_lattice_ordering.clif
INFO:macleod.Ontology:Collected 7 imported axioms
INFO:macleod.Ontology:Working from a total of 8 axioms (including imported ones)
INFO:p9_tools.clif_pipeline:Verified /home/vscode/colore/ontologies/orderings/pseudocomplemented_lattice_ordering.clif: 8 axioms in, 8 axioms out
INFO:p9_tools.clif_pipeline:Translated /home/vscode/colore/ontologies/orderings/pseudocomplemented_lattice_ordering.clif -> /home/vscode/colore/ontologies/orderings/pseudocomplemented_lattice_ordering.in
INFO:macleod.Ontology:Starting to parse /home/vscode/colore/ontologies/orderings/complemented_meet_quasilattice.clif
INFO:macleod.Ontology:Found 0 axioms in /home/vscode/colore/ontologies/orderings/meet_quasicomplemented.clif
INFO:macleod.Ontology:Collected 13 imported axioms
INFO:macleod.Ontology:Working from a total of 13 axioms (including imported ones)
INFO:macleod.Ontology:Converting /home/vscode/colore/ontologies/orderings/meet_quasicomplemented.clif to LADR format
INFO:macleod.Ontology:Found 0 axioms in /home/vscode/colore/ontologies/orderings/meet_quasicomplemented.clif
INFO:macleod.Ontology:Collected 13 imported axioms
INFO:macleod.Ontology:Working from a total of 13 axioms (including imported ones)
INFO:p9_tools.clif_pipeline:Verified /home/vscode/colore/ontologies/orderings/meet_quasicomplemented.clif: 13 axioms in, 13 axioms out
INFO:p9_tools.clif_pipeline:Translated /home/vscode/colore/ontologies/orderings/meet_quasicomplemented.clif -> /home/vscode/colore/ontologies/orderings/meet_quasicomplemented.in
INFO:macleod.Ontology:Found 0 axioms in /home/vscode/colore/ontologies/orderings/pseudocomplemented_join_quasilattice.clif
INFO:macleod.Ontology:Collected 11 imported axioms
INFO:macleod.Ontology:Working from a total of 11 axioms (including imported ones)
INFO:macleod.Ontology:Converting /home/vscode/colore/ontologies/orderings/pseudocomplemented_join_quasilattice.clif to LADR format
INFO:macleod.Ontology:Found 0 axioms in /home/vscode/colore/ontologies/orderings/pseudocomplemented_join_quasilattice.clif
INFO:macleod.Ontology:Collected 11 imported axioms
INFO:macleod.Ontology:Working from a total of 11 axioms (including imported ones)
INFO:p9_tools.clif_pipeline:Verified /home/vscode/colore/ontologies/orderings/pseudocomplemented_join_quasilattice.clif: 11 axioms in, 11 axioms out
INFO:p9_tools.clif_pipeline:Translated /home/vscode/colore/ontologies/orderings/pseudocomplemented_join_quasilattice.clif -> /home/vscode/colore/ontologies/orderings/pseudocomplemented_join_quasilattice.in
INFO:macleod.Ontology:Found 0 axioms in /home/vscode/colore/ontologies/orderings/binary_special_meetless.clif
INFO:macleod.Ontology:Collected 18 imported axioms
INFO:macleod.Ontology:Working from a total of 18 axioms (including imported ones)
INFO:macleod.Ontology:Converting /home/vscode/colore/ontologies/orderings/binary_special_meetless.clif to LADR format
INFO:macleod.Ontology:Found 0 axioms in /home/vscode/colore/ontologies/orderings/binary_special_meetless.clif
INFO:macleod.Ontology:Collected 18 imported axioms
INFO:macleod.Ontology:Working from a total of 18 axioms (including imported ones)
INFO:p9_tools.clif_pipeline:Verified /home/vscode/colore/ontologies/orderings/binary_special_meetless.clif: 18 axioms in, 18 axioms out
INFO:p9_tools.clif_pipeline:Translated /home/vscode/colore/ontologies/orderings/binary_special_meetless.clif -> /home/vscode/colore/ontologies/orderings/binary_special_meetless.in
INFO:macleod.Ontology:Found 0 axioms in /home/vscode/colore/ontologies/orderings/binary_semilinear.clif
INFO:macleod.Ontology:Collected 17 imported axioms
INFO:macleod.Ontology:Working from a total of 17 axioms (including imported ones)
INFO:macleod.Ontology:Converting /home/vscode/colore/ontologies/orderings/binary_semilinear.clif to LADR format
INFO:macleod.Ontology:Found 0 axioms in /home/vscode/colore/ontologies/orderings/binary_semilinear.clif
INFO:macleod.Ontology:Collected 17 imported axioms
INFO:macleod.Ontology:Working from a total of 17 axioms (including imported ones)
INFO:p9_tools.clif_pipeline:Verified /home/vscode/colore/ontologies/orderings/binary_semilinear.clif: 17 axioms in, 17 axioms out
INFO:p9_tools.clif_pipeline:Translated /home/vscode/colore/ontologies/orderings/binary_semilinear.clif -> /home/vscode/colore/ontologies/orderings/binary_semilinear.in
INFO:macleod.Ontology:Found 0 axioms in /home/vscode/colore/ontologies/orderings/boolean_join_quasilattice.clif
INFO:macleod.Ontology:Collected 11 imported axioms
INFO:macleod.Ontology:Working from a total of 11 axioms (including imported ones)
INFO:macleod.Ontology:Converting /home/vscode/colore/ontologies/orderings/boolean_join_quasilattice.clif to LADR format
INFO:macleod.Ontology:Found 0 axioms in /home/vscode/colore/ontologies/orderings/boolean_join_quasilattice.clif
INFO:macleod.Ontology:Collected 11 imported axioms
INFO:macleod.Ontology:Working from a total of 11 axioms (including imported ones)
INFO:p9_tools.clif_pipeline:Verified /home/vscode/colore/ontologies/orderings/boolean_join_quasilattice.clif: 11 axioms in, 11 axioms out
INFO:p9_tools.clif_pipeline:Translated /home/vscode/colore/ontologies/orderings/boolean_join_quasilattice.clif -> /home/vscode/colore/ontologies/orderings/boolean_join_quasilattice.in
INFO:macleod.Ontology:Found 0 axioms in /home/vscode/colore/ontologies/orderings/infinite_bounded_poset.clif
INFO:macleod.Ontology:Collected 12 imported axioms
INFO:macleod.Ontology:Working from a total of 12 axioms (including imported ones)
INFO:macleod.Ontology:Converting /home/vscode/colore/ontologies/orderings/infinite_bounded_poset.clif to LADR format
INFO:macleod.Ontology:Found 0 axioms in /home/vscode/colore/ontologies/orderings/infinite_bounded_poset.clif
INFO:macleod.Ontology:Collected 12 imported axioms
INFO:macleod.Ontology:Working from a total of 12 axioms (including imported ones)
INFO:p9_tools.clif_pipeline:Verified /home/vscode/colore/ontologies/orderings/infinite_bounded_poset.clif: 12 axioms in, 12 axioms out
INFO:p9_tools.clif_pipeline:Translated /home/vscode/colore/ontologies/orderings/infinite_bounded_poset.clif -> /home/vscode/colore/ontologies/orderings/infinite_bounded_poset.in
INFO:macleod.Ontology:Found 1 axioms in /home/vscode/colore/ontologies/orderings/linear_interval.clif
INFO:macleod.Ontology:Collected 2 imported axioms
INFO:macleod.Ontology:Working from a total of 3 axioms (including imported ones)
INFO:macleod.Ontology:Converting /home/vscode/colore/ontologies/orderings/linear_interval.clif to LADR format
INFO:macleod.Ontology:Found 1 axioms in /home/vscode/colore/ontologies/orderings/linear_interval.clif
INFO:macleod.Ontology:Collected 2 imported axioms
INFO:macleod.Ontology:Working from a total of 3 axioms (including imported ones)
INFO:p9_tools.clif_pipeline:Verified /home/vscode/colore/ontologies/orderings/linear_interval.clif: 3 axioms in, 3 axioms out
INFO:p9_tools.clif_pipeline:Translated /home/vscode/colore/ontologies/orderings/linear_interval.clif -> /home/vscode/colore/ontologies/orderings/linear_interval.in
INFO:macleod.Ontology:Found 1 axioms in /home/vscode/colore/ontologies/orderings/upper_separative.clif
INFO:macleod.Ontology:Collected 3 imported axioms
INFO:macleod.Ontology:Working from a total of 4 axioms (including imported ones)
INFO:macleod.Ontology:Converting /home/vscode/colore/ontologies/orderings/upper_separative.clif to LADR format
INFO:macleod.Ontology:Found 1 axioms in /home/vscode/colore/ontologies/orderings/upper_separative.clif
INFO:macleod.Ontology:Collected 3 imported axioms
INFO:macleod.Ontology:Working from a total of 4 axioms (including imported ones)
INFO:p9_tools.clif_pipeline:Verified /home/vscode/colore/ontologies/orderings/upper_separative.clif: 4 axioms in, 4 axioms out
INFO:p9_tools.clif_pipeline:Translated /home/vscode/colore/ontologies/orderings/upper_separative.clif -> /home/vscode/colore/ontologies/orderings/upper_separative.in
INFO:macleod.Ontology:Found 1 axioms in /home/vscode/colore/ontologies/orderings/density.clif
INFO:macleod.Ontology:Collected 2 imported axioms
INFO:macleod.Ontology:Working from a total of 3 axioms (including imported ones)
INFO:macleod.Ontology:Converting /home/vscode/colore/ontologies/orderings/density.clif to LADR format
INFO:macleod.Ontology:Found 1 axioms in /home/vscode/colore/ontologies/orderings/density.clif
INFO:macleod.Ontology:Collected 2 imported axioms
INFO:macleod.Ontology:Working from a total of 3 axioms (including imported ones)
INFO:p9_tools.clif_pipeline:Verified /home/vscode/colore/ontologies/orderings/density.clif: 3 axioms in, 3 axioms out
INFO:p9_tools.clif_pipeline:Translated /home/vscode/colore/ontologies/orderings/density.clif -> /home/vscode/colore/ontologies/orderings/density.in
INFO:macleod.Ontology:Found 0 axioms in /home/vscode/colore/ontologies/orderings/proper_quasicomplemented.clif
INFO:macleod.Ontology:Collected 12 imported axioms
INFO:macleod.Ontology:Working from a total of 12 axioms (including imported ones)
INFO:macleod.Ontology:Converting /home/vscode/colore/ontologies/orderings/proper_quasicomplemented.clif to LADR format
INFO:macleod.Ontology:Found 0 axioms in /home/vscode/colore/ontologies/orderings/proper_quasicomplemented.clif
INFO:macleod.Ontology:Collected 12 imported axioms
INFO:macleod.Ontology:Working from a total of 12 axioms (including imported ones)
INFO:p9_tools.clif_pipeline:Verified /home/vscode/colore/ontologies/orderings/proper_quasicomplemented.clif: 12 axioms in, 12 axioms out
INFO:p9_tools.clif_pipeline:Translated /home/vscode/colore/ontologies/orderings/proper_quasicomplemented.clif -> /home/vscode/colore/ontologies/orderings/proper_quasicomplemented.in
INFO:macleod.Ontology:Found 1 axioms in /home/vscode/colore/ontologies/orderings/bottomless.clif
INFO:macleod.Ontology:Collected 2 imported axioms
INFO:macleod.Ontology:Working from a total of 3 axioms (including imported ones)
INFO:macleod.Ontology:Converting /home/vscode/colore/ontologies/orderings/bottomless.clif to LADR format
INFO:macleod.Ontology:Found 1 axioms in /home/vscode/colore/ontologies/orderings/bottomless.clif
INFO:macleod.Ontology:Collected 2 imported axioms
INFO:macleod.Ontology:Working from a total of 3 axioms (including imported ones)
INFO:p9_tools.clif_pipeline:Verified /home/vscode/colore/ontologies/orderings/bottomless.clif: 3 axioms in, 3 axioms out
INFO:p9_tools.clif_pipeline:Translated /home/vscode/colore/ontologies/orderings/bottomless.clif -> /home/vscode/colore/ontologies/orderings/bottomless.in
INFO:macleod.Ontology:Starting to parse /home/vscode/colore/ontologies/orderings/boolean_join_quasilattice.clif
INFO:macleod.Ontology:Found 0 axioms in /home/vscode/colore/ontologies/orderings/boolean_join_semilattice.clif
INFO:macleod.Ontology:Collected 12 imported axioms
INFO:macleod.Ontology:Working from a total of 12 axioms (including imported ones)
INFO:macleod.Ontology:Converting /home/vscode/colore/ontologies/orderings/boolean_join_semilattice.clif to LADR format
INFO:macleod.Ontology:Found 0 axioms in /home/vscode/colore/ontologies/orderings/boolean_join_semilattice.clif
INFO:macleod.Ontology:Collected 12 imported axioms
INFO:macleod.Ontology:Working from a total of 12 axioms (including imported ones)
INFO:p9_tools.clif_pipeline:Verified /home/vscode/colore/ontologies/orderings/boolean_join_semilattice.clif: 12 axioms in, 12 axioms out
INFO:p9_tools.clif_pipeline:Translated /home/vscode/colore/ontologies/orderings/boolean_join_semilattice.clif -> /home/vscode/colore/ontologies/orderings/boolean_join_semilattice.in
INFO:macleod.Ontology:Found 1 axioms in /home/vscode/colore/ontologies/orderings/tarski_boolean.clif
INFO:macleod.Ontology:Collected 7 imported axioms
INFO:macleod.Ontology:Working from a total of 8 axioms (including imported ones)
INFO:macleod.Ontology:Converting /home/vscode/colore/ontologies/orderings/tarski_boolean.clif to LADR format
INFO:macleod.Ontology:Found 1 axioms in /home/vscode/colore/ontologies/orderings/tarski_boolean.clif
INFO:macleod.Ontology:Collected 7 imported axioms
INFO:macleod.Ontology:Working from a total of 8 axioms (including imported ones)
INFO:p9_tools.clif_pipeline:Verified /home/vscode/colore/ontologies/orderings/tarski_boolean.clif: 8 axioms in, 8 axioms out
INFO:p9_tools.clif_pipeline:Translated /home/vscode/colore/ontologies/orderings/tarski_boolean.clif -> /home/vscode/colore/ontologies/orderings/tarski_boolean.in
INFO:macleod.Ontology:Found 0 axioms in /home/vscode/colore/ontologies/orderings/initial_dense_linear.clif
INFO:macleod.Ontology:Collected 9 imported axioms
INFO:macleod.Ontology:Working from a total of 9 axioms (including imported ones)
INFO:macleod.Ontology:Converting /home/vscode/colore/ontologies/orderings/initial_dense_linear.clif to LADR format
INFO:macleod.Ontology:Found 0 axioms in /home/vscode/colore/ontologies/orderings/initial_dense_linear.clif
INFO:macleod.Ontology:Collected 9 imported axioms
INFO:macleod.Ontology:Working from a total of 9 axioms (including imported ones)
INFO:p9_tools.clif_pipeline:Verified /home/vscode/colore/ontologies/orderings/initial_dense_linear.clif: 9 axioms in, 9 axioms out
INFO:p9_tools.clif_pipeline:Translated /home/vscode/colore/ontologies/orderings/initial_dense_linear.clif -> /home/vscode/colore/ontologies/orderings/initial_dense_linear.in
INFO:macleod.Ontology:Found 1 axioms in /home/vscode/colore/ontologies/orderings/interval_order.clif
INFO:macleod.Ontology:Collected 4 imported axioms
INFO:macleod.Ontology:Working from a total of 5 axioms (including imported ones)
INFO:macleod.Ontology:Converting /home/vscode/colore/ontologies/orderings/interval_order.clif to LADR format
INFO:macleod.Ontology:Found 1 axioms in /home/vscode/colore/ontologies/orderings/interval_order.clif
INFO:macleod.Ontology:Collected 4 imported axioms
INFO:macleod.Ontology:Working from a total of 5 axioms (including imported ones)
INFO:p9_tools.clif_pipeline:Verified /home/vscode/colore/ontologies/orderings/interval_order.clif: 5 axioms in, 5 axioms out
INFO:p9_tools.clif_pipeline:Translated /home/vscode/colore/ontologies/orderings/interval_order.clif -> /home/vscode/colore/ontologies/orderings/interval_order.in
INFO:macleod.Ontology:Found 1 axioms in /home/vscode/colore/ontologies/orderings/partial_semiorder.clif
INFO:macleod.Ontology:Collected 4 imported axioms
INFO:macleod.Ontology:Working from a total of 5 axioms (including imported ones)
INFO:macleod.Ontology:Converting /home/vscode/colore/ontologies/orderings/partial_semiorder.clif to LADR format
INFO:macleod.Ontology:Found 1 axioms in /home/vscode/colore/ontologies/orderings/partial_semiorder.clif
INFO:macleod.Ontology:Collected 4 imported axioms
INFO:macleod.Ontology:Working from a total of 5 axioms (including imported ones)
INFO:p9_tools.clif_pipeline:Verified /home/vscode/colore/ontologies/orderings/partial_semiorder.clif: 5 axioms in, 5 axioms out
INFO:p9_tools.clif_pipeline:Translated /home/vscode/colore/ontologies/orderings/partial_semiorder.clif -> /home/vscode/colore/ontologies/orderings/partial_semiorder.in
INFO:macleod.Ontology:Found 0 axioms in /home/vscode/colore/ontologies/orderings/binary_special_binary.clif
INFO:macleod.Ontology:Collected 19 imported axioms
INFO:macleod.Ontology:Working from a total of 19 axioms (including imported ones)
INFO:macleod.Ontology:Converting /home/vscode/colore/ontologies/orderings/binary_special_binary.clif to LADR format
INFO:macleod.Ontology:Found 0 axioms in /home/vscode/colore/ontologies/orderings/binary_special_binary.clif
INFO:macleod.Ontology:Collected 19 imported axioms
INFO:macleod.Ontology:Working from a total of 19 axioms (including imported ones)
INFO:p9_tools.clif_pipeline:Verified /home/vscode/colore/ontologies/orderings/binary_special_binary.clif: 19 axioms in, 19 axioms out
INFO:p9_tools.clif_pipeline:Translated /home/vscode/colore/ontologies/orderings/binary_special_binary.clif -> /home/vscode/colore/ontologies/orderings/binary_special_binary.in
INFO:macleod.Ontology:Found 0 axioms in /home/vscode/colore/ontologies/orderings/final_poset.clif
INFO:macleod.Ontology:Collected 5 imported axioms
INFO:macleod.Ontology:Working from a total of 5 axioms (including imported ones)
INFO:macleod.Ontology:Converting /home/vscode/colore/ontologies/orderings/final_poset.clif to LADR format
INFO:macleod.Ontology:Found 0 axioms in /home/vscode/colore/ontologies/orderings/final_poset.clif
INFO:macleod.Ontology:Collected 5 imported axioms
INFO:macleod.Ontology:Working from a total of 5 axioms (including imported ones)
INFO:p9_tools.clif_pipeline:Verified /home/vscode/colore/ontologies/orderings/final_poset.clif: 5 axioms in, 5 axioms out
INFO:p9_tools.clif_pipeline:Translated /home/vscode/colore/ontologies/orderings/final_poset.clif -> /home/vscode/colore/ontologies/orderings/final_poset.in
INFO:macleod.Ontology:Found 0 axioms in /home/vscode/colore/ontologies/orderings/discrete_semilinear.clif
INFO:macleod.Ontology:Collected 9 imported axioms
INFO:macleod.Ontology:Working from a total of 9 axioms (including imported ones)
INFO:macleod.Ontology:Converting /home/vscode/colore/ontologies/orderings/discrete_semilinear.clif to LADR format
INFO:macleod.Ontology:Found 0 axioms in /home/vscode/colore/ontologies/orderings/discrete_semilinear.clif
INFO:macleod.Ontology:Collected 9 imported axioms
INFO:macleod.Ontology:Working from a total of 9 axioms (including imported ones)
INFO:p9_tools.clif_pipeline:Verified /home/vscode/colore/ontologies/orderings/discrete_semilinear.clif: 9 axioms in, 9 axioms out
INFO:p9_tools.clif_pipeline:Translated /home/vscode/colore/ontologies/orderings/discrete_semilinear.clif -> /home/vscode/colore/ontologies/orderings/discrete_semilinear.in
INFO:macleod.Ontology:Found 0 axioms in /home/vscode/colore/ontologies/orderings/initial_discrete.clif
INFO:macleod.Ontology:Collected 8 imported axioms
INFO:macleod.Ontology:Working from a total of 8 axioms (including imported ones)
INFO:macleod.Ontology:Converting /home/vscode/colore/ontologies/orderings/initial_discrete.clif to LADR format
INFO:macleod.Ontology:Found 0 axioms in /home/vscode/colore/ontologies/orderings/initial_discrete.clif
INFO:macleod.Ontology:Collected 8 imported axioms
INFO:macleod.Ontology:Working from a total of 8 axioms (including imported ones)
INFO:p9_tools.clif_pipeline:Verified /home/vscode/colore/ontologies/orderings/initial_discrete.clif: 8 axioms in, 8 axioms out
INFO:p9_tools.clif_pipeline:Translated /home/vscode/colore/ontologies/orderings/initial_discrete.clif -> /home/vscode/colore/ontologies/orderings/initial_discrete.in
INFO:macleod.Ontology:Found 1 axioms in /home/vscode/colore/ontologies/orderings/series_parallel.clif
INFO:macleod.Ontology:Collected 4 imported axioms
INFO:macleod.Ontology:Working from a total of 5 axioms (including imported ones)
INFO:macleod.Ontology:Converting /home/vscode/colore/ontologies/orderings/series_parallel.clif to LADR format
INFO:macleod.Ontology:Found 1 axioms in /home/vscode/colore/ontologies/orderings/series_parallel.clif
INFO:macleod.Ontology:Collected 4 imported axioms
INFO:macleod.Ontology:Working from a total of 5 axioms (including imported ones)
INFO:p9_tools.clif_pipeline:Verified /home/vscode/colore/ontologies/orderings/series_parallel.clif: 5 axioms in, 5 axioms out
INFO:p9_tools.clif_pipeline:Translated /home/vscode/colore/ontologies/orderings/series_parallel.clif -> /home/vscode/colore/ontologies/orderings/series_parallel.in
INFO:macleod.Ontology:Starting to parse /home/vscode/colore/ontologies/orderings/tarski_boolean.clif
INFO:macleod.Ontology:Found 0 axioms in /home/vscode/colore/ontologies/orderings/atomless_boolean.clif
INFO:macleod.Ontology:Collected 11 imported axioms
INFO:macleod.Ontology:Working from a total of 11 axioms (including imported ones)
INFO:macleod.Ontology:Converting /home/vscode/colore/ontologies/orderings/atomless_boolean.clif to LADR format
INFO:macleod.Ontology:Found 0 axioms in /home/vscode/colore/ontologies/orderings/atomless_boolean.clif
INFO:macleod.Ontology:Collected 11 imported axioms
INFO:macleod.Ontology:Working from a total of 11 axioms (including imported ones)
INFO:p9_tools.clif_pipeline:Verified /home/vscode/colore/ontologies/orderings/atomless_boolean.clif: 11 axioms in, 11 axioms out
INFO:p9_tools.clif_pipeline:Translated /home/vscode/colore/ontologies/orderings/atomless_boolean.clif -> /home/vscode/colore/ontologies/orderings/atomless_boolean.in
INFO:macleod.Ontology:Found 0 axioms in /home/vscode/colore/ontologies/orderings/disc_upper_semilinear.clif
INFO:macleod.Ontology:Collected 4 imported axioms
INFO:macleod.Ontology:Working from a total of 4 axioms (including imported ones)
INFO:macleod.Ontology:Converting /home/vscode/colore/ontologies/orderings/disc_upper_semilinear.clif to LADR format
INFO:macleod.Ontology:Found 0 axioms in /home/vscode/colore/ontologies/orderings/disc_upper_semilinear.clif
INFO:macleod.Ontology:Collected 4 imported axioms
INFO:macleod.Ontology:Working from a total of 4 axioms (including imported ones)
INFO:p9_tools.clif_pipeline:Verified /home/vscode/colore/ontologies/orderings/disc_upper_semilinear.clif: 4 axioms in, 4 axioms out
INFO:p9_tools.clif_pipeline:Translated /home/vscode/colore/ontologies/orderings/disc_upper_semilinear.clif -> /home/vscode/colore/ontologies/orderings/disc_upper_semilinear.in
INFO:macleod.Ontology:Found 0 axioms in /home/vscode/colore/ontologies/orderings/bottomless_boolean_quasilattice.clif
INFO:macleod.Ontology:Collected 10 imported axioms
INFO:macleod.Ontology:Working from a total of 10 axioms (including imported ones)
INFO:macleod.Ontology:Converting /home/vscode/colore/ontologies/orderings/bottomless_boolean_quasilattice.clif to LADR format
INFO:macleod.Ontology:Found 0 axioms in /home/vscode/colore/ontologies/orderings/bottomless_boolean_quasilattice.clif
INFO:macleod.Ontology:Collected 10 imported axioms
INFO:macleod.Ontology:Working from a total of 10 axioms (including imported ones)
INFO:p9_tools.clif_pipeline:Verified /home/vscode/colore/ontologies/orderings/bottomless_boolean_quasilattice.clif: 10 axioms in, 10 axioms out
INFO:p9_tools.clif_pipeline:Translated /home/vscode/colore/ontologies/orderings/bottomless_boolean_quasilattice.clif -> /home/vscode/colore/ontologies/orderings/bottomless_boolean_quasilattice.in
INFO:macleod.Ontology:Found 0 axioms in /home/vscode/colore/ontologies/orderings/rootless.clif
INFO:macleod.Ontology:Collected 6 imported axioms
INFO:macleod.Ontology:Working from a total of 6 axioms (including imported ones)
INFO:macleod.Ontology:Converting /home/vscode/colore/ontologies/orderings/rootless.clif to LADR format
INFO:macleod.Ontology:Found 0 axioms in /home/vscode/colore/ontologies/orderings/rootless.clif
INFO:macleod.Ontology:Collected 6 imported axioms
INFO:macleod.Ontology:Working from a total of 6 axioms (including imported ones)
INFO:p9_tools.clif_pipeline:Verified /home/vscode/colore/ontologies/orderings/rootless.clif: 6 axioms in, 6 axioms out
INFO:p9_tools.clif_pipeline:Translated /home/vscode/colore/ontologies/orderings/rootless.clif -> /home/vscode/colore/ontologies/orderings/rootless.in
INFO:macleod.Ontology:Found 0 axioms in /home/vscode/colore/ontologies/orderings/min_discrete_chains.clif
INFO:macleod.Ontology:Collected 11 imported axioms
INFO:macleod.Ontology:Working from a total of 11 axioms (including imported ones)
INFO:macleod.Ontology:Converting /home/vscode/colore/ontologies/orderings/min_discrete_chains.clif to LADR format
INFO:macleod.Ontology:Found 0 axioms in /home/vscode/colore/ontologies/orderings/min_discrete_chains.clif
INFO:macleod.Ontology:Collected 11 imported axioms
INFO:macleod.Ontology:Working from a total of 11 axioms (including imported ones)
INFO:p9_tools.clif_pipeline:Verified /home/vscode/colore/ontologies/orderings/min_discrete_chains.clif: 11 axioms in, 11 axioms out
INFO:p9_tools.clif_pipeline:Translated /home/vscode/colore/ontologies/orderings/min_discrete_chains.clif -> /home/vscode/colore/ontologies/orderings/min_discrete_chains.in
INFO:macleod.Ontology:Found 1 axioms in /home/vscode/colore/ontologies/orderings/atomless.clif
INFO:macleod.Ontology:Collected 6 imported axioms
INFO:macleod.Ontology:Working from a total of 7 axioms (including imported ones)
INFO:macleod.Ontology:Converting /home/vscode/colore/ontologies/orderings/atomless.clif to LADR format
INFO:macleod.Ontology:Found 1 axioms in /home/vscode/colore/ontologies/orderings/atomless.clif
INFO:macleod.Ontology:Collected 6 imported axioms
INFO:macleod.Ontology:Working from a total of 7 axioms (including imported ones)
INFO:p9_tools.clif_pipeline:Verified /home/vscode/colore/ontologies/orderings/atomless.clif: 7 axioms in, 7 axioms out
INFO:p9_tools.clif_pipeline:Translated /home/vscode/colore/ontologies/orderings/atomless.clif -> /home/vscode/colore/ontologies/orderings/atomless.in
INFO:macleod.Ontology:Found 1 axioms in /home/vscode/colore/ontologies/orderings/branching3.clif
INFO:macleod.Ontology:Collected 4 imported axioms
INFO:macleod.Ontology:Working from a total of 5 axioms (including imported ones)
INFO:macleod.Ontology:Converting /home/vscode/colore/ontologies/orderings/branching3.clif to LADR format
INFO:macleod.Ontology:Found 1 axioms in /home/vscode/colore/ontologies/orderings/branching3.clif
INFO:macleod.Ontology:Collected 4 imported axioms
INFO:macleod.Ontology:Working from a total of 5 axioms (including imported ones)
INFO:p9_tools.clif_pipeline:Verified /home/vscode/colore/ontologies/orderings/branching3.clif: 5 axioms in, 5 axioms out
INFO:p9_tools.clif_pipeline:Translated /home/vscode/colore/ontologies/orderings/branching3.clif -> /home/vscode/colore/ontologies/orderings/branching3.in
INFO:macleod.Ontology:Found 0 axioms in /home/vscode/colore/ontologies/orderings/special_meetless.clif
INFO:macleod.Ontology:Collected 18 imported axioms
INFO:macleod.Ontology:Working from a total of 18 axioms (including imported ones)
INFO:macleod.Ontology:Converting /home/vscode/colore/ontologies/orderings/special_meetless.clif to LADR format
INFO:macleod.Ontology:Found 0 axioms in /home/vscode/colore/ontologies/orderings/special_meetless.clif
INFO:macleod.Ontology:Collected 18 imported axioms
INFO:macleod.Ontology:Working from a total of 18 axioms (including imported ones)
INFO:p9_tools.clif_pipeline:Verified /home/vscode/colore/ontologies/orderings/special_meetless.clif: 18 axioms in, 18 axioms out
INFO:p9_tools.clif_pipeline:Translated /home/vscode/colore/ontologies/orderings/special_meetless.clif -> /home/vscode/colore/ontologies/orderings/special_meetless.in
INFO:macleod.Ontology:Found 1 axioms in /home/vscode/colore/ontologies/orderings/upper_bound.clif
INFO:macleod.Ontology:Collected 2 imported axioms
INFO:macleod.Ontology:Working from a total of 3 axioms (including imported ones)
INFO:macleod.Ontology:Converting /home/vscode/colore/ontologies/orderings/upper_bound.clif to LADR format
INFO:macleod.Ontology:Found 1 axioms in /home/vscode/colore/ontologies/orderings/upper_bound.clif
INFO:macleod.Ontology:Collected 2 imported axioms
INFO:macleod.Ontology:Working from a total of 3 axioms (including imported ones)
INFO:p9_tools.clif_pipeline:Verified /home/vscode/colore/ontologies/orderings/upper_bound.clif: 3 axioms in, 3 axioms out
INFO:p9_tools.clif_pipeline:Translated /home/vscode/colore/ontologies/orderings/upper_bound.clif -> /home/vscode/colore/ontologies/orderings/upper_bound.in
INFO:macleod.Ontology:Found 0 axioms in /home/vscode/colore/ontologies/orderings/discrete_linear.clif
INFO:macleod.Ontology:Collected 8 imported axioms
INFO:macleod.Ontology:Working from a total of 8 axioms (including imported ones)
INFO:macleod.Ontology:Converting /home/vscode/colore/ontologies/orderings/discrete_linear.clif to LADR format
INFO:macleod.Ontology:Found 0 axioms in /home/vscode/colore/ontologies/orderings/discrete_linear.clif
INFO:macleod.Ontology:Collected 8 imported axioms
INFO:macleod.Ontology:Working from a total of 8 axioms (including imported ones)
INFO:p9_tools.clif_pipeline:Verified /home/vscode/colore/ontologies/orderings/discrete_linear.clif: 8 axioms in, 8 axioms out
INFO:p9_tools.clif_pipeline:Translated /home/vscode/colore/ontologies/orderings/discrete_linear.clif -> /home/vscode/colore/ontologies/orderings/discrete_linear.in
INFO:macleod.Ontology:Found 1 axioms in /home/vscode/colore/ontologies/orderings/initial_chains.clif
INFO:macleod.Ontology:Collected 7 imported axioms
INFO:macleod.Ontology:Working from a total of 8 axioms (including imported ones)
INFO:macleod.Ontology:Converting /home/vscode/colore/ontologies/orderings/initial_chains.clif to LADR format
INFO:macleod.Ontology:Found 1 axioms in /home/vscode/colore/ontologies/orderings/initial_chains.clif
INFO:macleod.Ontology:Collected 7 imported axioms
INFO:macleod.Ontology:Working from a total of 8 axioms (including imported ones)
INFO:p9_tools.clif_pipeline:Verified /home/vscode/colore/ontologies/orderings/initial_chains.clif: 8 axioms in, 8 axioms out
INFO:p9_tools.clif_pipeline:Translated /home/vscode/colore/ontologies/orderings/initial_chains.clif -> /home/vscode/colore/ontologies/orderings/initial_chains.in
INFO:macleod.Ontology:Found 1 axioms in /home/vscode/colore/ontologies/orderings/bottomexists.clif
INFO:macleod.Ontology:Collected 3 imported axioms
INFO:macleod.Ontology:Working from a total of 4 axioms (including imported ones)
INFO:macleod.Ontology:Converting /home/vscode/colore/ontologies/orderings/bottomexists.clif to LADR format
INFO:macleod.Ontology:Found 1 axioms in /home/vscode/colore/ontologies/orderings/bottomexists.clif
INFO:macleod.Ontology:Collected 3 imported axioms
INFO:macleod.Ontology:Working from a total of 4 axioms (including imported ones)
INFO:p9_tools.clif_pipeline:Verified /home/vscode/colore/ontologies/orderings/bottomexists.clif: 4 axioms in, 4 axioms out
INFO:p9_tools.clif_pipeline:Translated /home/vscode/colore/ontologies/orderings/bottomexists.clif -> /home/vscode/colore/ontologies/orderings/bottomexists.in
INFO:macleod.Ontology:Found 1 axioms in /home/vscode/colore/ontologies/orderings/ternary_meetless.clif
INFO:macleod.Ontology:Collected 5 imported axioms
INFO:macleod.Ontology:Working from a total of 6 axioms (including imported ones)
INFO:macleod.Ontology:Converting /home/vscode/colore/ontologies/orderings/ternary_meetless.clif to LADR format
INFO:macleod.Ontology:Found 1 axioms in /home/vscode/colore/ontologies/orderings/ternary_meetless.clif
INFO:macleod.Ontology:Collected 5 imported axioms
INFO:macleod.Ontology:Working from a total of 6 axioms (including imported ones)
INFO:p9_tools.clif_pipeline:Verified /home/vscode/colore/ontologies/orderings/ternary_meetless.clif: 6 axioms in, 6 axioms out
INFO:p9_tools.clif_pipeline:Translated /home/vscode/colore/ontologies/orderings/ternary_meetless.clif -> /home/vscode/colore/ontologies/orderings/ternary_meetless.in
INFO:macleod.Ontology:Found 2 axioms in /home/vscode/colore/ontologies/orderings/join_quasilattice.clif
INFO:macleod.Ontology:Collected 3 imported axioms
INFO:macleod.Ontology:Working from a total of 5 axioms (including imported ones)
INFO:macleod.Ontology:Converting /home/vscode/colore/ontologies/orderings/join_quasilattice.clif to LADR format
INFO:macleod.Ontology:Found 2 axioms in /home/vscode/colore/ontologies/orderings/join_quasilattice.clif
INFO:macleod.Ontology:Collected 3 imported axioms
INFO:macleod.Ontology:Working from a total of 5 axioms (including imported ones)
INFO:p9_tools.clif_pipeline:Verified /home/vscode/colore/ontologies/orderings/join_quasilattice.clif: 5 axioms in, 5 axioms out
INFO:p9_tools.clif_pipeline:Translated /home/vscode/colore/ontologies/orderings/join_quasilattice.clif -> /home/vscode/colore/ontologies/orderings/join_quasilattice.in
INFO:macleod.Ontology:Found 2 axioms in /home/vscode/colore/ontologies/orderings/chains.clif
INFO:macleod.Ontology:Collected 3 imported axioms
INFO:macleod.Ontology:Working from a total of 5 axioms (including imported ones)
INFO:macleod.Ontology:Converting /home/vscode/colore/ontologies/orderings/chains.clif to LADR format
INFO:macleod.Ontology:Found 2 axioms in /home/vscode/colore/ontologies/orderings/chains.clif
INFO:macleod.Ontology:Collected 3 imported axioms
INFO:macleod.Ontology:Working from a total of 5 axioms (including imported ones)
INFO:p9_tools.clif_pipeline:Verified /home/vscode/colore/ontologies/orderings/chains.clif: 5 axioms in, 5 axioms out
INFO:p9_tools.clif_pipeline:Translated /home/vscode/colore/ontologies/orderings/chains.clif -> /home/vscode/colore/ontologies/orderings/chains.in
INFO:macleod.Ontology:Found 0 axioms in /home/vscode/colore/ontologies/orderings/discrete_linear_nofinal.clif
INFO:macleod.Ontology:Collected 11 imported axioms
INFO:macleod.Ontology:Working from a total of 11 axioms (including imported ones)
INFO:macleod.Ontology:Converting /home/vscode/colore/ontologies/orderings/discrete_linear_nofinal.clif to LADR format
INFO:macleod.Ontology:Found 0 axioms in /home/vscode/colore/ontologies/orderings/discrete_linear_nofinal.clif
INFO:macleod.Ontology:Collected 11 imported axioms
INFO:macleod.Ontology:Working from a total of 11 axioms (including imported ones)
INFO:p9_tools.clif_pipeline:Verified /home/vscode/colore/ontologies/orderings/discrete_linear_nofinal.clif: 11 axioms in, 11 axioms out
INFO:p9_tools.clif_pipeline:Translated /home/vscode/colore/ontologies/orderings/discrete_linear_nofinal.clif -> /home/vscode/colore/ontologies/orderings/discrete_linear_nofinal.in
INFO:macleod.Ontology:Found 2 axioms in /home/vscode/colore/ontologies/orderings/discreteness.clif
INFO:macleod.Ontology:Collected 4 imported axioms
INFO:macleod.Ontology:Working from a total of 6 axioms (including imported ones)
INFO:macleod.Ontology:Converting /home/vscode/colore/ontologies/orderings/discreteness.clif to LADR format
INFO:macleod.Ontology:Found 2 axioms in /home/vscode/colore/ontologies/orderings/discreteness.clif
INFO:macleod.Ontology:Collected 4 imported axioms
INFO:macleod.Ontology:Working from a total of 6 axioms (including imported ones)
INFO:p9_tools.clif_pipeline:Verified /home/vscode/colore/ontologies/orderings/discreteness.clif: 6 axioms in, 6 axioms out
INFO:p9_tools.clif_pipeline:Translated /home/vscode/colore/ontologies/orderings/discreteness.clif -> /home/vscode/colore/ontologies/orderings/discreteness.in
INFO:macleod.Ontology:Found 1 axioms in /home/vscode/colore/ontologies/orderings/partial_ordering.clif
INFO:macleod.Ontology:Collected 2 imported axioms
INFO:macleod.Ontology:Working from a total of 3 axioms (including imported ones)
INFO:macleod.Ontology:Converting /home/vscode/colore/ontologies/orderings/partial_ordering.clif to LADR format
INFO:macleod.Ontology:Found 1 axioms in /home/vscode/colore/ontologies/orderings/partial_ordering.clif
INFO:macleod.Ontology:Collected 2 imported axioms
INFO:macleod.Ontology:Working from a total of 3 axioms (including imported ones)
INFO:p9_tools.clif_pipeline:Verified /home/vscode/colore/ontologies/orderings/partial_ordering.clif: 3 axioms in, 3 axioms out
INFO:p9_tools.clif_pipeline:Translated /home/vscode/colore/ontologies/orderings/partial_ordering.clif -> /home/vscode/colore/ontologies/orderings/partial_ordering.in
INFO:macleod.Ontology:Found 0 axioms in /home/vscode/colore/ontologies/orderings/dense_linear_order_no_end.clif
INFO:macleod.Ontology:Collected 7 imported axioms
INFO:macleod.Ontology:Working from a total of 7 axioms (including imported ones)
INFO:macleod.Ontology:Converting /home/vscode/colore/ontologies/orderings/dense_linear_order_no_end.clif to LADR format
INFO:macleod.Ontology:Found 0 axioms in /home/vscode/colore/ontologies/orderings/dense_linear_order_no_end.clif
INFO:macleod.Ontology:Collected 7 imported axioms
INFO:macleod.Ontology:Working from a total of 7 axioms (including imported ones)
INFO:p9_tools.clif_pipeline:Verified /home/vscode/colore/ontologies/orderings/dense_linear_order_no_end.clif: 7 axioms in, 7 axioms out
INFO:p9_tools.clif_pipeline:Translated /home/vscode/colore/ontologies/orderings/dense_linear_order_no_end.clif -> /home/vscode/colore/ontologies/orderings/dense_linear_order_no_end.in
INFO:macleod.Ontology:Found 1 axioms in /home/vscode/colore/ontologies/orderings/binary_special.clif
INFO:macleod.Ontology:Collected 5 imported axioms
INFO:macleod.Ontology:Working from a total of 6 axioms (including imported ones)
INFO:macleod.Ontology:Converting /home/vscode/colore/ontologies/orderings/binary_special.clif to LADR format
INFO:macleod.Ontology:Found 1 axioms in /home/vscode/colore/ontologies/orderings/binary_special.clif
INFO:macleod.Ontology:Collected 5 imported axioms
INFO:macleod.Ontology:Working from a total of 6 axioms (including imported ones)
INFO:p9_tools.clif_pipeline:Verified /home/vscode/colore/ontologies/orderings/binary_special.clif: 6 axioms in, 6 axioms out
INFO:p9_tools.clif_pipeline:Translated /home/vscode/colore/ontologies/orderings/binary_special.clif -> /home/vscode/colore/ontologies/orderings/binary_special.in
INFO:macleod.Ontology:Starting to parse /home/vscode/colore/ontologies/orderings/initial_poset.clif
INFO:macleod.Ontology:Found 0 axioms in /home/vscode/colore/ontologies/orderings/initial_linear.clif
INFO:macleod.Ontology:Collected 6 imported axioms
INFO:macleod.Ontology:Working from a total of 6 axioms (including imported ones)
INFO:macleod.Ontology:Converting /home/vscode/colore/ontologies/orderings/initial_linear.clif to LADR format
INFO:macleod.Ontology:Found 0 axioms in /home/vscode/colore/ontologies/orderings/initial_linear.clif
INFO:macleod.Ontology:Collected 6 imported axioms
INFO:macleod.Ontology:Working from a total of 6 axioms (including imported ones)
INFO:p9_tools.clif_pipeline:Verified /home/vscode/colore/ontologies/orderings/initial_linear.clif: 6 axioms in, 6 axioms out
INFO:p9_tools.clif_pipeline:Translated /home/vscode/colore/ontologies/orderings/initial_linear.clif -> /home/vscode/colore/ontologies/orderings/initial_linear.in
INFO:macleod.Ontology:Found 1 axioms in /home/vscode/colore/ontologies/orderings/maxexists.clif
INFO:macleod.Ontology:Collected 4 imported axioms
INFO:macleod.Ontology:Working from a total of 5 axioms (including imported ones)
INFO:macleod.Ontology:Converting /home/vscode/colore/ontologies/orderings/maxexists.clif to LADR format
INFO:macleod.Ontology:Found 1 axioms in /home/vscode/colore/ontologies/orderings/maxexists.clif
INFO:macleod.Ontology:Collected 4 imported axioms
INFO:macleod.Ontology:Working from a total of 5 axioms (including imported ones)
INFO:p9_tools.clif_pipeline:Verified /home/vscode/colore/ontologies/orderings/maxexists.clif: 5 axioms in, 5 axioms out
INFO:p9_tools.clif_pipeline:Translated /home/vscode/colore/ontologies/orderings/maxexists.clif -> /home/vscode/colore/ontologies/orderings/maxexists.in
INFO:macleod.Ontology:Found 1 axioms in /home/vscode/colore/ontologies/orderings/ramified.clif
INFO:macleod.Ontology:Collected 5 imported axioms
INFO:macleod.Ontology:Working from a total of 6 axioms (including imported ones)
INFO:macleod.Ontology:Converting /home/vscode/colore/ontologies/orderings/ramified.clif to LADR format
INFO:macleod.Ontology:Found 1 axioms in /home/vscode/colore/ontologies/orderings/ramified.clif
INFO:macleod.Ontology:Collected 5 imported axioms
INFO:macleod.Ontology:Working from a total of 6 axioms (including imported ones)
INFO:p9_tools.clif_pipeline:Verified /home/vscode/colore/ontologies/orderings/ramified.clif: 6 axioms in, 6 axioms out
INFO:p9_tools.clif_pipeline:Translated /home/vscode/colore/ontologies/orderings/ramified.clif -> /home/vscode/colore/ontologies/orderings/ramified.in
INFO:macleod.Ontology:Found 1 axioms in /home/vscode/colore/ontologies/orderings/section_semicomplemented_lattice_ordering.clif
INFO:macleod.Ontology:Collected 8 imported axioms
INFO:macleod.Ontology:Working from a total of 9 axioms (including imported ones)
INFO:macleod.Ontology:Converting /home/vscode/colore/ontologies/orderings/section_semicomplemented_lattice_ordering.clif to LADR format
INFO:macleod.Ontology:Found 1 axioms in /home/vscode/colore/ontologies/orderings/section_semicomplemented_lattice_ordering.clif
INFO:macleod.Ontology:Collected 8 imported axioms
INFO:macleod.Ontology:Working from a total of 9 axioms (including imported ones)
INFO:p9_tools.clif_pipeline:Verified /home/vscode/colore/ontologies/orderings/section_semicomplemented_lattice_ordering.clif: 9 axioms in, 9 axioms out
INFO:p9_tools.clif_pipeline:Translated /home/vscode/colore/ontologies/orderings/section_semicomplemented_lattice_ordering.clif -> /home/vscode/colore/ontologies/orderings/section_semicomplemented_lattice_ordering.in
INFO:macleod.Ontology:Found 1 axioms in /home/vscode/colore/ontologies/orderings/upper_preorder.clif
INFO:macleod.Ontology:Collected 2 imported axioms
INFO:macleod.Ontology:Working from a total of 3 axioms (including imported ones)
INFO:macleod.Ontology:Converting /home/vscode/colore/ontologies/orderings/upper_preorder.clif to LADR format
INFO:macleod.Ontology:Found 1 axioms in /home/vscode/colore/ontologies/orderings/upper_preorder.clif
INFO:macleod.Ontology:Collected 2 imported axioms
INFO:macleod.Ontology:Working from a total of 3 axioms (including imported ones)
INFO:p9_tools.clif_pipeline:Verified /home/vscode/colore/ontologies/orderings/upper_preorder.clif: 3 axioms in, 3 axioms out
INFO:p9_tools.clif_pipeline:Translated /home/vscode/colore/ontologies/orderings/upper_preorder.clif -> /home/vscode/colore/ontologies/orderings/upper_preorder.in
INFO:macleod.Ontology:Found 1 axioms in /home/vscode/colore/ontologies/orderings/linear_ordering.clif
INFO:macleod.Ontology:Collected 3 imported axioms
INFO:macleod.Ontology:Working from a total of 4 axioms (including imported ones)
INFO:macleod.Ontology:Converting /home/vscode/colore/ontologies/orderings/linear_ordering.clif to LADR format
INFO:macleod.Ontology:Found 1 axioms in /home/vscode/colore/ontologies/orderings/linear_ordering.clif
INFO:macleod.Ontology:Collected 3 imported axioms
INFO:macleod.Ontology:Working from a total of 4 axioms (including imported ones)
INFO:p9_tools.clif_pipeline:Verified /home/vscode/colore/ontologies/orderings/linear_ordering.clif: 4 axioms in, 4 axioms out
INFO:p9_tools.clif_pipeline:Translated /home/vscode/colore/ontologies/orderings/linear_ordering.clif -> /home/vscode/colore/ontologies/orderings/linear_ordering.in
INFO:macleod.Ontology:Found 0 axioms in /home/vscode/colore/ontologies/orderings/tree.clif
INFO:macleod.Ontology:Collected 9 imported axioms
INFO:macleod.Ontology:Working from a total of 9 axioms (including imported ones)
INFO:macleod.Ontology:Converting /home/vscode/colore/ontologies/orderings/tree.clif to LADR format
INFO:macleod.Ontology:Found 0 axioms in /home/vscode/colore/ontologies/orderings/tree.clif
INFO:macleod.Ontology:Collected 9 imported axioms
INFO:macleod.Ontology:Working from a total of 9 axioms (including imported ones)
INFO:p9_tools.clif_pipeline:Verified /home/vscode/colore/ontologies/orderings/tree.clif: 9 axioms in, 9 axioms out
INFO:p9_tools.clif_pipeline:Translated /home/vscode/colore/ontologies/orderings/tree.clif -> /home/vscode/colore/ontologies/orderings/tree.in
INFO:macleod.Ontology:Found 2 axioms in /home/vscode/colore/ontologies/orderings/quasilattice.clif
INFO:macleod.Ontology:Collected 3 imported axioms
INFO:macleod.Ontology:Working from a total of 5 axioms (including imported ones)
INFO:macleod.Ontology:Converting /home/vscode/colore/ontologies/orderings/quasilattice.clif to LADR format
INFO:macleod.Ontology:Found 2 axioms in /home/vscode/colore/ontologies/orderings/quasilattice.clif
INFO:macleod.Ontology:Collected 3 imported axioms
INFO:macleod.Ontology:Working from a total of 5 axioms (including imported ones)
INFO:p9_tools.clif_pipeline:Verified /home/vscode/colore/ontologies/orderings/quasilattice.clif: 5 axioms in, 5 axioms out
INFO:p9_tools.clif_pipeline:Translated /home/vscode/colore/ontologies/orderings/quasilattice.clif -> /home/vscode/colore/ontologies/orderings/quasilattice.in
INFO:macleod.Ontology:Found 1 axioms in /home/vscode/colore/ontologies/orderings/semicomplemented_lattice_ordering.clif
INFO:macleod.Ontology:Collected 8 imported axioms
INFO:macleod.Ontology:Working from a total of 9 axioms (including imported ones)
INFO:macleod.Ontology:Converting /home/vscode/colore/ontologies/orderings/semicomplemented_lattice_ordering.clif to LADR format
INFO:macleod.Ontology:Found 1 axioms in /home/vscode/colore/ontologies/orderings/semicomplemented_lattice_ordering.clif
INFO:macleod.Ontology:Collected 8 imported axioms
INFO:macleod.Ontology:Working from a total of 9 axioms (including imported ones)
INFO:p9_tools.clif_pipeline:Verified /home/vscode/colore/ontologies/orderings/semicomplemented_lattice_ordering.clif: 9 axioms in, 9 axioms out
INFO:p9_tools.clif_pipeline:Translated /home/vscode/colore/ontologies/orderings/semicomplemented_lattice_ordering.clif -> /home/vscode/colore/ontologies/orderings/semicomplemented_lattice_ordering.in
INFO:macleod.Ontology:Found 1 axioms in /home/vscode/colore/ontologies/orderings/binary.clif
INFO:macleod.Ontology:Collected 5 imported axioms
INFO:macleod.Ontology:Working from a total of 6 axioms (including imported ones)
INFO:macleod.Ontology:Converting /home/vscode/colore/ontologies/orderings/binary.clif to LADR format
INFO:macleod.Ontology:Found 1 axioms in /home/vscode/colore/ontologies/orderings/binary.clif
INFO:macleod.Ontology:Collected 5 imported axioms
INFO:macleod.Ontology:Working from a total of 6 axioms (including imported ones)
INFO:p9_tools.clif_pipeline:Verified /home/vscode/colore/ontologies/orderings/binary.clif: 6 axioms in, 6 axioms out
INFO:p9_tools.clif_pipeline:Translated /home/vscode/colore/ontologies/orderings/binary.clif -> /home/vscode/colore/ontologies/orderings/binary.in
INFO:macleod.Ontology:Found 1 axioms in /home/vscode/colore/ontologies/orderings/lattice_atomless.clif
INFO:macleod.Ontology:Collected 6 imported axioms
INFO:macleod.Ontology:Working from a total of 7 axioms (including imported ones)
INFO:macleod.Ontology:Converting /home/vscode/colore/ontologies/orderings/lattice_atomless.clif to LADR format
INFO:macleod.Ontology:Found 1 axioms in /home/vscode/colore/ontologies/orderings/lattice_atomless.clif
INFO:macleod.Ontology:Collected 6 imported axioms
INFO:macleod.Ontology:Working from a total of 7 axioms (including imported ones)
INFO:p9_tools.clif_pipeline:Verified /home/vscode/colore/ontologies/orderings/lattice_atomless.clif: 7 axioms in, 7 axioms out
INFO:p9_tools.clif_pipeline:Translated /home/vscode/colore/ontologies/orderings/lattice_atomless.clif -> /home/vscode/colore/ontologies/orderings/lattice_atomless.in
INFO:macleod.Ontology:Starting to parse /home/vscode/colore/ontologies/orderings/pseudocomplemented_meet_quasilattice.clif
INFO:macleod.Ontology:Found 0 axioms in /home/vscode/colore/ontologies/orderings/meet_quasipseudocomplemented.clif
INFO:macleod.Ontology:Collected 12 imported axioms
INFO:macleod.Ontology:Working from a total of 12 axioms (including imported ones)
INFO:macleod.Ontology:Converting /home/vscode/colore/ontologies/orderings/meet_quasipseudocomplemented.clif to LADR format
INFO:macleod.Ontology:Found 0 axioms in /home/vscode/colore/ontologies/orderings/meet_quasipseudocomplemented.clif
INFO:macleod.Ontology:Collected 12 imported axioms
INFO:macleod.Ontology:Working from a total of 12 axioms (including imported ones)
INFO:p9_tools.clif_pipeline:Verified /home/vscode/colore/ontologies/orderings/meet_quasipseudocomplemented.clif: 12 axioms in, 12 axioms out
INFO:p9_tools.clif_pipeline:Translated /home/vscode/colore/ontologies/orderings/meet_quasipseudocomplemented.clif -> /home/vscode/colore/ontologies/orderings/meet_quasipseudocomplemented.in
INFO:macleod.Ontology:Found 1 axioms in /home/vscode/colore/ontologies/orderings/convergent.clif
INFO:macleod.Ontology:Collected 2 imported axioms
INFO:macleod.Ontology:Working from a total of 3 axioms (including imported ones)
INFO:macleod.Ontology:Converting /home/vscode/colore/ontologies/orderings/convergent.clif to LADR format
INFO:macleod.Ontology:Found 1 axioms in /home/vscode/colore/ontologies/orderings/convergent.clif
INFO:macleod.Ontology:Collected 2 imported axioms
INFO:macleod.Ontology:Working from a total of 3 axioms (including imported ones)
INFO:p9_tools.clif_pipeline:Verified /home/vscode/colore/ontologies/orderings/convergent.clif: 3 axioms in, 3 axioms out
INFO:p9_tools.clif_pipeline:Translated /home/vscode/colore/ontologies/orderings/convergent.clif -> /home/vscode/colore/ontologies/orderings/convergent.in
INFO:macleod.Ontology:Found 0 axioms in /home/vscode/colore/ontologies/orderings/disconnected_semilinear.clif
INFO:macleod.Ontology:Collected 4 imported axioms
INFO:macleod.Ontology:Working from a total of 4 axioms (including imported ones)
INFO:macleod.Ontology:Converting /home/vscode/colore/ontologies/orderings/disconnected_semilinear.clif to LADR format
INFO:macleod.Ontology:Found 0 axioms in /home/vscode/colore/ontologies/orderings/disconnected_semilinear.clif
INFO:macleod.Ontology:Collected 4 imported axioms
INFO:macleod.Ontology:Working from a total of 4 axioms (including imported ones)
INFO:p9_tools.clif_pipeline:Verified /home/vscode/colore/ontologies/orderings/disconnected_semilinear.clif: 4 axioms in, 4 axioms out
INFO:p9_tools.clif_pipeline:Translated /home/vscode/colore/ontologies/orderings/disconnected_semilinear.clif -> /home/vscode/colore/ontologies/orderings/disconnected_semilinear.in
INFO:macleod.Ontology:Found 1 axioms in /home/vscode/colore/ontologies/orderings/definitions/coatom.clif
INFO:macleod.Ontology:Collected 5 imported axioms
INFO:macleod.Ontology:Working from a total of 6 axioms (including imported ones)
INFO:macleod.Ontology:Converting /home/vscode/colore/ontologies/orderings/definitions/coatom.clif to LADR format
INFO:macleod.Ontology:Found 1 axioms in /home/vscode/colore/ontologies/orderings/definitions/coatom.clif
INFO:macleod.Ontology:Collected 5 imported axioms
INFO:macleod.Ontology:Working from a total of 6 axioms (including imported ones)
INFO:p9_tools.clif_pipeline:Verified /home/vscode/colore/ontologies/orderings/definitions/coatom.clif: 6 axioms in, 6 axioms out
INFO:p9_tools.clif_pipeline:Translated /home/vscode/colore/ontologies/orderings/definitions/coatom.clif -> /home/vscode/colore/ontologies/orderings/definitions/coatom.in
INFO:macleod.Ontology:Found 1 axioms in /home/vscode/colore/ontologies/orderings/definitions/dhm3.clif
INFO:macleod.Ontology:Collected 4 imported axioms
INFO:macleod.Ontology:Working from a total of 5 axioms (including imported ones)
INFO:macleod.Ontology:Converting /home/vscode/colore/ontologies/orderings/definitions/dhm3.clif to LADR format
INFO:macleod.Ontology:Found 1 axioms in /home/vscode/colore/ontologies/orderings/definitions/dhm3.clif
INFO:macleod.Ontology:Collected 4 imported axioms
INFO:macleod.Ontology:Working from a total of 5 axioms (including imported ones)
INFO:p9_tools.clif_pipeline:Verified /home/vscode/colore/ontologies/orderings/definitions/dhm3.clif: 5 axioms in, 5 axioms out
INFO:p9_tools.clif_pipeline:Translated /home/vscode/colore/ontologies/orderings/definitions/dhm3.clif -> /home/vscode/colore/ontologies/orderings/definitions/dhm3.in
INFO:macleod.Ontology:Found 1 axioms in /home/vscode/colore/ontologies/orderings/definitions/lt_equiv.clif
INFO:macleod.Ontology:Collected 3 imported axioms
INFO:macleod.Ontology:Working from a total of 4 axioms (including imported ones)
INFO:macleod.Ontology:Converting /home/vscode/colore/ontologies/orderings/definitions/lt_equiv.clif to LADR format
INFO:macleod.Ontology:Found 1 axioms in /home/vscode/colore/ontologies/orderings/definitions/lt_equiv.clif
INFO:macleod.Ontology:Collected 3 imported axioms
INFO:macleod.Ontology:Working from a total of 4 axioms (including imported ones)
INFO:p9_tools.clif_pipeline:Verified /home/vscode/colore/ontologies/orderings/definitions/lt_equiv.clif: 4 axioms in, 4 axioms out
INFO:p9_tools.clif_pipeline:Translated /home/vscode/colore/ontologies/orderings/definitions/lt_equiv.clif -> /home/vscode/colore/ontologies/orderings/definitions/lt_equiv.in
INFO:macleod.Ontology:Found 1 axioms in /home/vscode/colore/ontologies/orderings/definitions/bottom.clif
INFO:macleod.Ontology:Collected 3 imported axioms
INFO:macleod.Ontology:Working from a total of 4 axioms (including imported ones)
INFO:macleod.Ontology:Converting /home/vscode/colore/ontologies/orderings/definitions/bottom.clif to LADR format
INFO:macleod.Ontology:Found 1 axioms in /home/vscode/colore/ontologies/orderings/definitions/bottom.clif
INFO:macleod.Ontology:Collected 3 imported axioms
INFO:macleod.Ontology:Working from a total of 4 axioms (including imported ones)
INFO:p9_tools.clif_pipeline:Verified /home/vscode/colore/ontologies/orderings/definitions/bottom.clif: 4 axioms in, 4 axioms out
INFO:p9_tools.clif_pipeline:Translated /home/vscode/colore/ontologies/orderings/definitions/bottom.clif -> /home/vscode/colore/ontologies/orderings/definitions/bottom.in
INFO:macleod.Ontology:Found 1 axioms in /home/vscode/colore/ontologies/orderings/definitions/compatible.clif
INFO:macleod.Ontology:Collected 2 imported axioms
INFO:macleod.Ontology:Working from a total of 3 axioms (including imported ones)
INFO:macleod.Ontology:Converting /home/vscode/colore/ontologies/orderings/definitions/compatible.clif to LADR format
INFO:macleod.Ontology:Found 1 axioms in /home/vscode/colore/ontologies/orderings/definitions/compatible.clif
INFO:macleod.Ontology:Collected 2 imported axioms
INFO:macleod.Ontology:Working from a total of 3 axioms (including imported ones)
INFO:p9_tools.clif_pipeline:Verified /home/vscode/colore/ontologies/orderings/definitions/compatible.clif: 3 axioms in, 3 axioms out
INFO:p9_tools.clif_pipeline:Translated /home/vscode/colore/ontologies/orderings/definitions/compatible.clif -> /home/vscode/colore/ontologies/orderings/definitions/compatible.in
INFO:macleod.Ontology:Found 1 axioms in /home/vscode/colore/ontologies/orderings/definitions/strong_atom.clif
INFO:macleod.Ontology:Collected 6 imported axioms
INFO:macleod.Ontology:Working from a total of 7 axioms (including imported ones)
INFO:macleod.Ontology:Converting /home/vscode/colore/ontologies/orderings/definitions/strong_atom.clif to LADR format
INFO:macleod.Ontology:Found 1 axioms in /home/vscode/colore/ontologies/orderings/definitions/strong_atom.clif
INFO:macleod.Ontology:Collected 6 imported axioms
INFO:macleod.Ontology:Working from a total of 7 axioms (including imported ones)
INFO:p9_tools.clif_pipeline:Verified /home/vscode/colore/ontologies/orderings/definitions/strong_atom.clif: 7 axioms in, 7 axioms out
INFO:p9_tools.clif_pipeline:Translated /home/vscode/colore/ontologies/orderings/definitions/strong_atom.clif -> /home/vscode/colore/ontologies/orderings/definitions/strong_atom.in
INFO:macleod.Ontology:Found 1 axioms in /home/vscode/colore/ontologies/orderings/definitions/strong_coatom.clif
INFO:macleod.Ontology:Collected 6 imported axioms
INFO:macleod.Ontology:Working from a total of 7 axioms (including imported ones)
INFO:macleod.Ontology:Converting /home/vscode/colore/ontologies/orderings/definitions/strong_coatom.clif to LADR format
INFO:macleod.Ontology:Found 1 axioms in /home/vscode/colore/ontologies/orderings/definitions/strong_coatom.clif
INFO:macleod.Ontology:Collected 6 imported axioms
INFO:macleod.Ontology:Working from a total of 7 axioms (including imported ones)
INFO:p9_tools.clif_pipeline:Verified /home/vscode/colore/ontologies/orderings/definitions/strong_coatom.clif: 7 axioms in, 7 axioms out
INFO:p9_tools.clif_pipeline:Translated /home/vscode/colore/ontologies/orderings/definitions/strong_coatom.clif -> /home/vscode/colore/ontologies/orderings/definitions/strong_coatom.in
INFO:macleod.Ontology:Found 1 axioms in /home/vscode/colore/ontologies/orderings/definitions/incomparable.clif
INFO:macleod.Ontology:Collected 2 imported axioms
INFO:macleod.Ontology:Working from a total of 3 axioms (including imported ones)
INFO:macleod.Ontology:Converting /home/vscode/colore/ontologies/orderings/definitions/incomparable.clif to LADR format
INFO:macleod.Ontology:Found 1 axioms in /home/vscode/colore/ontologies/orderings/definitions/incomparable.clif
INFO:macleod.Ontology:Collected 2 imported axioms
INFO:macleod.Ontology:Working from a total of 3 axioms (including imported ones)
INFO:p9_tools.clif_pipeline:Verified /home/vscode/colore/ontologies/orderings/definitions/incomparable.clif: 3 axioms in, 3 axioms out
INFO:p9_tools.clif_pipeline:Translated /home/vscode/colore/ontologies/orderings/definitions/incomparable.clif -> /home/vscode/colore/ontologies/orderings/definitions/incomparable.in
INFO:macleod.Ontology:Found 1 axioms in /home/vscode/colore/ontologies/orderings/definitions/maximal.clif
INFO:macleod.Ontology:Collected 3 imported axioms
INFO:macleod.Ontology:Working from a total of 4 axioms (including imported ones)
INFO:macleod.Ontology:Converting /home/vscode/colore/ontologies/orderings/definitions/maximal.clif to LADR format
INFO:macleod.Ontology:Found 1 axioms in /home/vscode/colore/ontologies/orderings/definitions/maximal.clif
INFO:macleod.Ontology:Collected 3 imported axioms
INFO:macleod.Ontology:Working from a total of 4 axioms (including imported ones)
INFO:p9_tools.clif_pipeline:Verified /home/vscode/colore/ontologies/orderings/definitions/maximal.clif: 4 axioms in, 4 axioms out
INFO:p9_tools.clif_pipeline:Translated /home/vscode/colore/ontologies/orderings/definitions/maximal.clif -> /home/vscode/colore/ontologies/orderings/definitions/maximal.in
INFO:macleod.Ontology:Found 1 axioms in /home/vscode/colore/ontologies/orderings/definitions/atom.clif
INFO:macleod.Ontology:Collected 5 imported axioms
INFO:macleod.Ontology:Working from a total of 6 axioms (including imported ones)
INFO:macleod.Ontology:Converting /home/vscode/colore/ontologies/orderings/definitions/atom.clif to LADR format
INFO:macleod.Ontology:Found 1 axioms in /home/vscode/colore/ontologies/orderings/definitions/atom.clif
INFO:macleod.Ontology:Collected 5 imported axioms
INFO:macleod.Ontology:Working from a total of 6 axioms (including imported ones)
INFO:p9_tools.clif_pipeline:Verified /home/vscode/colore/ontologies/orderings/definitions/atom.clif: 6 axioms in, 6 axioms out
INFO:p9_tools.clif_pipeline:Translated /home/vscode/colore/ontologies/orderings/definitions/atom.clif -> /home/vscode/colore/ontologies/orderings/definitions/atom.in
INFO:macleod.Ontology:Found 1 axioms in /home/vscode/colore/ontologies/orderings/definitions/covers.clif
INFO:macleod.Ontology:Collected 3 imported axioms
INFO:macleod.Ontology:Working from a total of 4 axioms (including imported ones)
INFO:macleod.Ontology:Converting /home/vscode/colore/ontologies/orderings/definitions/covers.clif to LADR format
INFO:macleod.Ontology:Found 1 axioms in /home/vscode/colore/ontologies/orderings/definitions/covers.clif
INFO:macleod.Ontology:Collected 3 imported axioms
INFO:macleod.Ontology:Working from a total of 4 axioms (including imported ones)
INFO:p9_tools.clif_pipeline:Verified /home/vscode/colore/ontologies/orderings/definitions/covers.clif: 4 axioms in, 4 axioms out
INFO:p9_tools.clif_pipeline:Translated /home/vscode/colore/ontologies/orderings/definitions/covers.clif -> /home/vscode/colore/ontologies/orderings/definitions/covers.in
INFO:macleod.Ontology:Found 1 axioms in /home/vscode/colore/ontologies/orderings/definitions/lt.clif
INFO:macleod.Ontology:Collected 2 imported axioms
INFO:macleod.Ontology:Working from a total of 3 axioms (including imported ones)
INFO:macleod.Ontology:Converting /home/vscode/colore/ontologies/orderings/definitions/lt.clif to LADR format
INFO:macleod.Ontology:Found 1 axioms in /home/vscode/colore/ontologies/orderings/definitions/lt.clif
INFO:macleod.Ontology:Collected 2 imported axioms
INFO:macleod.Ontology:Working from a total of 3 axioms (including imported ones)
INFO:p9_tools.clif_pipeline:Verified /home/vscode/colore/ontologies/orderings/definitions/lt.clif: 3 axioms in, 3 axioms out
INFO:p9_tools.clif_pipeline:Translated /home/vscode/colore/ontologies/orderings/definitions/lt.clif -> /home/vscode/colore/ontologies/orderings/definitions/lt.in
INFO:macleod.Ontology:Found 1 axioms in /home/vscode/colore/ontologies/orderings/definitions/lub.clif
INFO:macleod.Ontology:Collected 2 imported axioms
INFO:macleod.Ontology:Working from a total of 3 axioms (including imported ones)
INFO:macleod.Ontology:Converting /home/vscode/colore/ontologies/orderings/definitions/lub.clif to LADR format
INFO:macleod.Ontology:Found 1 axioms in /home/vscode/colore/ontologies/orderings/definitions/lub.clif
INFO:macleod.Ontology:Collected 2 imported axioms
INFO:macleod.Ontology:Working from a total of 3 axioms (including imported ones)
INFO:p9_tools.clif_pipeline:Verified /home/vscode/colore/ontologies/orderings/definitions/lub.clif: 3 axioms in, 3 axioms out
INFO:p9_tools.clif_pipeline:Translated /home/vscode/colore/ontologies/orderings/definitions/lub.clif -> /home/vscode/colore/ontologies/orderings/definitions/lub.in
INFO:macleod.Ontology:Found 1 axioms in /home/vscode/colore/ontologies/orderings/definitions/minimal.clif
INFO:macleod.Ontology:Collected 3 imported axioms
INFO:macleod.Ontology:Working from a total of 4 axioms (including imported ones)
INFO:macleod.Ontology:Converting /home/vscode/colore/ontologies/orderings/definitions/minimal.clif to LADR format
INFO:macleod.Ontology:Found 1 axioms in /home/vscode/colore/ontologies/orderings/definitions/minimal.clif
INFO:macleod.Ontology:Collected 3 imported axioms
INFO:macleod.Ontology:Working from a total of 4 axioms (including imported ones)
INFO:p9_tools.clif_pipeline:Verified /home/vscode/colore/ontologies/orderings/definitions/minimal.clif: 4 axioms in, 4 axioms out
INFO:p9_tools.clif_pipeline:Translated /home/vscode/colore/ontologies/orderings/definitions/minimal.clif -> /home/vscode/colore/ontologies/orderings/definitions/minimal.in
INFO:macleod.Ontology:Found 1 axioms in /home/vscode/colore/ontologies/orderings/definitions/dhm.clif
INFO:macleod.Ontology:Collected 4 imported axioms
INFO:macleod.Ontology:Working from a total of 5 axioms (including imported ones)
INFO:macleod.Ontology:Converting /home/vscode/colore/ontologies/orderings/definitions/dhm.clif to LADR format
INFO:macleod.Ontology:Found 1 axioms in /home/vscode/colore/ontologies/orderings/definitions/dhm.clif
INFO:macleod.Ontology:Collected 4 imported axioms
INFO:macleod.Ontology:Working from a total of 5 axioms (including imported ones)
INFO:p9_tools.clif_pipeline:Verified /home/vscode/colore/ontologies/orderings/definitions/dhm.clif: 5 axioms in, 5 axioms out
INFO:p9_tools.clif_pipeline:Translated /home/vscode/colore/ontologies/orderings/definitions/dhm.clif -> /home/vscode/colore/ontologies/orderings/definitions/dhm.in
INFO:macleod.Ontology:Found 1 axioms in /home/vscode/colore/ontologies/orderings/definitions/disjoint.clif
INFO:macleod.Ontology:Collected 2 imported axioms
INFO:macleod.Ontology:Working from a total of 3 axioms (including imported ones)
INFO:macleod.Ontology:Converting /home/vscode/colore/ontologies/orderings/definitions/disjoint.clif to LADR format
INFO:macleod.Ontology:Found 1 axioms in /home/vscode/colore/ontologies/orderings/definitions/disjoint.clif
INFO:macleod.Ontology:Collected 2 imported axioms
INFO:macleod.Ontology:Working from a total of 3 axioms (including imported ones)
INFO:p9_tools.clif_pipeline:Verified /home/vscode/colore/ontologies/orderings/definitions/disjoint.clif: 3 axioms in, 3 axioms out
INFO:p9_tools.clif_pipeline:Translated /home/vscode/colore/ontologies/orderings/definitions/disjoint.clif -> /home/vscode/colore/ontologies/orderings/definitions/disjoint.in
INFO:macleod.Ontology:Found 1 axioms in /home/vscode/colore/ontologies/orderings/definitions/noverlaps.clif
INFO:macleod.Ontology:Collected 4 imported axioms
INFO:macleod.Ontology:Working from a total of 5 axioms (including imported ones)
INFO:macleod.Ontology:Converting /home/vscode/colore/ontologies/orderings/definitions/noverlaps.clif to LADR format
INFO:macleod.Ontology:Found 1 axioms in /home/vscode/colore/ontologies/orderings/definitions/noverlaps.clif
INFO:macleod.Ontology:Collected 4 imported axioms
INFO:macleod.Ontology:Working from a total of 5 axioms (including imported ones)
INFO:p9_tools.clif_pipeline:Verified /home/vscode/colore/ontologies/orderings/definitions/noverlaps.clif: 5 axioms in, 5 axioms out
INFO:p9_tools.clif_pipeline:Translated /home/vscode/colore/ontologies/orderings/definitions/noverlaps.clif -> /home/vscode/colore/ontologies/orderings/definitions/noverlaps.in
INFO:macleod.Ontology:Starting to parse /home/vscode/colore/ontologies/orderings/definitions/disjoint.clif
INFO:macleod.Ontology:Starting to parse /home/vscode/colore/ontologies/orderings/definitions/comp.clif
INFO:macleod.Ontology:Found 0 axioms in /home/vscode/colore/ontologies/orderings/definitions/tarski_defs.clif
INFO:macleod.Ontology:Collected 8 imported axioms
INFO:macleod.Ontology:Working from a total of 8 axioms (including imported ones)
INFO:macleod.Ontology:Converting /home/vscode/colore/ontologies/orderings/definitions/tarski_defs.clif to LADR format
INFO:macleod.Ontology:Found 0 axioms in /home/vscode/colore/ontologies/orderings/definitions/tarski_defs.clif
INFO:macleod.Ontology:Collected 8 imported axioms
INFO:macleod.Ontology:Working from a total of 8 axioms (including imported ones)
INFO:p9_tools.clif_pipeline:Verified /home/vscode/colore/ontologies/orderings/definitions/tarski_defs.clif: 8 axioms in, 8 axioms out
INFO:p9_tools.clif_pipeline:Translated /home/vscode/colore/ontologies/orderings/definitions/tarski_defs.clif -> /home/vscode/colore/ontologies/orderings/definitions/tarski_defs.in
INFO:macleod.Ontology:Found 0 axioms in /home/vscode/colore/ontologies/orderings/definitions/orderings_def.clif
INFO:macleod.Ontology:Collected 8 imported axioms
INFO:macleod.Ontology:Working from a total of 8 axioms (including imported ones)
INFO:macleod.Ontology:Converting /home/vscode/colore/ontologies/orderings/definitions/orderings_def.clif to LADR format
INFO:macleod.Ontology:Found 0 axioms in /home/vscode/colore/ontologies/orderings/definitions/orderings_def.clif
INFO:macleod.Ontology:Collected 8 imported axioms
INFO:macleod.Ontology:Working from a total of 8 axioms (including imported ones)
INFO:p9_tools.clif_pipeline:Verified /home/vscode/colore/ontologies/orderings/definitions/orderings_def.clif: 8 axioms in, 8 axioms out
INFO:p9_tools.clif_pipeline:Translated /home/vscode/colore/ontologies/orderings/definitions/orderings_def.clif -> /home/vscode/colore/ontologies/orderings/definitions/orderings_def.in
INFO:macleod.Ontology:Found 1 axioms in /home/vscode/colore/ontologies/orderings/definitions/top.clif
INFO:macleod.Ontology:Collected 3 imported axioms
INFO:macleod.Ontology:Working from a total of 4 axioms (including imported ones)
INFO:macleod.Ontology:Converting /home/vscode/colore/ontologies/orderings/definitions/top.clif to LADR format
INFO:macleod.Ontology:Found 1 axioms in /home/vscode/colore/ontologies/orderings/definitions/top.clif
INFO:macleod.Ontology:Collected 3 imported axioms
INFO:macleod.Ontology:Working from a total of 4 axioms (including imported ones)
INFO:p9_tools.clif_pipeline:Verified /home/vscode/colore/ontologies/orderings/definitions/top.clif: 4 axioms in, 4 axioms out
INFO:p9_tools.clif_pipeline:Translated /home/vscode/colore/ontologies/orderings/definitions/top.clif -> /home/vscode/colore/ontologies/orderings/definitions/top.in
INFO:macleod.Ontology:Found 1 axioms in /home/vscode/colore/ontologies/orderings/definitions/glb.clif
INFO:macleod.Ontology:Collected 2 imported axioms
INFO:macleod.Ontology:Working from a total of 3 axioms (including imported ones)
INFO:macleod.Ontology:Converting /home/vscode/colore/ontologies/orderings/definitions/glb.clif to LADR format
INFO:macleod.Ontology:Found 1 axioms in /home/vscode/colore/ontologies/orderings/definitions/glb.clif
INFO:macleod.Ontology:Collected 2 imported axioms
INFO:macleod.Ontology:Working from a total of 3 axioms (including imported ones)
INFO:p9_tools.clif_pipeline:Verified /home/vscode/colore/ontologies/orderings/definitions/glb.clif: 3 axioms in, 3 axioms out
INFO:p9_tools.clif_pipeline:Translated /home/vscode/colore/ontologies/orderings/definitions/glb.clif -> /home/vscode/colore/ontologies/orderings/definitions/glb.in
INFO:macleod.Ontology:Found 1 axioms in /home/vscode/colore/ontologies/orderings/definitions/comp.clif
INFO:macleod.Ontology:Collected 3 imported axioms
INFO:macleod.Ontology:Working from a total of 4 axioms (including imported ones)
INFO:macleod.Ontology:Converting /home/vscode/colore/ontologies/orderings/definitions/comp.clif to LADR format
INFO:macleod.Ontology:Found 1 axioms in /home/vscode/colore/ontologies/orderings/definitions/comp.clif
INFO:macleod.Ontology:Collected 3 imported axioms
INFO:macleod.Ontology:Working from a total of 4 axioms (including imported ones)
INFO:p9_tools.clif_pipeline:Verified /home/vscode/colore/ontologies/orderings/definitions/comp.clif: 4 axioms in, 4 axioms out
INFO:p9_tools.clif_pipeline:Translated /home/vscode/colore/ontologies/orderings/definitions/comp.clif -> /home/vscode/colore/ontologies/orderings/definitions/comp.in
INFO:macleod.Ontology:Found 1 axioms in /home/vscode/colore/ontologies/orderings/definitions/nunderlaps.clif
INFO:macleod.Ontology:Collected 4 imported axioms
INFO:macleod.Ontology:Working from a total of 5 axioms (including imported ones)
INFO:macleod.Ontology:Converting /home/vscode/colore/ontologies/orderings/definitions/nunderlaps.clif to LADR format
INFO:macleod.Ontology:Found 1 axioms in /home/vscode/colore/ontologies/orderings/definitions/nunderlaps.clif
INFO:macleod.Ontology:Collected 4 imported axioms
INFO:macleod.Ontology:Working from a total of 5 axioms (including imported ones)
INFO:p9_tools.clif_pipeline:Verified /home/vscode/colore/ontologies/orderings/definitions/nunderlaps.clif: 5 axioms in, 5 axioms out
INFO:p9_tools.clif_pipeline:Translated /home/vscode/colore/ontologies/orderings/definitions/nunderlaps.clif -> /home/vscode/colore/ontologies/orderings/definitions/nunderlaps.in
INFO:__main__:Inserting special_ram.in into /home/vscode/colore/ontologies/orderings/chain_decomposition.csv
INFO:__main__:Inserting coatomic_ordering.in into /home/vscode/colore/ontologies/orderings/chain_decomposition.csv
INFO:__main__:Inserting topless_quasicomplemented.in into /home/vscode/colore/ontologies/orderings/chain_decomposition.csv
INFO:__main__:Inserting binary_nice.in into /home/vscode/colore/ontologies/orderings/chain_decomposition.csv
INFO:__main__:Inserting negatively_transitive.in into /home/vscode/colore/ontologies/orderings/chain_decomposition.csv
INFO:__main__:Inserting weak_order.in into /home/vscode/colore/ontologies/orderings/chain_decomposition.csv
INFO:__main__:Inserting branching.in into /home/vscode/colore/ontologies/orderings/chain_decomposition.csv
INFO:__main__:Inserting dual_branching.in into /home/vscode/colore/ontologies/orderings/chain_decomposition.csv
INFO:__main__:Inserting infinite_discrete_forest.in into /home/vscode/colore/ontologies/orderings/chain_decomposition.csv
INFO:__main__:Inserting boolean_meet_quasilattice.in into /home/vscode/colore/ontologies/orderings/chain_decomposition.csv
INFO:__main__:Inserting boolean_meet_semilattice.in into /home/vscode/colore/ontologies/orderings/chain_decomposition.csv
INFO:__main__:Inserting lower_bound.in into /home/vscode/colore/ontologies/orderings/chain_decomposition.csv
INFO:__main__:Inserting quasiboolean.in into /home/vscode/colore/ontologies/orderings/chain_decomposition.csv
